合约编码,交易代码,到期日,到期月,期权类型,执行价,报价时间,距到期天数,标的价,期权价,入场后第几天,入场价,买入成本(元),卖出收入(元),净收益(元),净倍率
10005803,510500C2403M05500,2024-03-27,2024-03,C,5.5,2024-03-25,2,5.384,0.004,1,0.031,318.0,32.0,-286.0,-0.92
10005803,510500C2403M05500,2024-03-27,2024-03,C,5.5,2024-03-26,1,5.36,0.0008,2,0.031,318.0,0.0,-318.0,-1.03
10005803,510500C2403M05500,2024-03-27,2024-03,C,5.5,2024-03-27,0,5.236,0.0001,3,0.031,318.0,-7.0,-325.0,-1.05
10005804,510500C2403M05750,2024-03-27,2024-03,C,5.75,2024-03-25,2,5.384,0.0003,1,0.0015,23.0,-5.0,-28.0,-1.87
10005804,510500C2403M05750,2024-03-27,2024-03,C,5.75,2024-03-26,1,5.36,0.0001,2,0.0015,23.0,-7.0,-30.0,-2.0
10005804,510500C2403M05750,2024-03-27,2024-03,C,5.75,2024-03-27,0,5.236,0.0001,3,0.0015,23.0,-7.0,-30.0,-2.0
10005805,510500C2403M06000,2024-03-27,2024-03,C,6.0,2024-03-25,2,5.384,0.0002,1,0.0003,11.0,-6.0,-17.0,-5.67
10005805,510500C2403M06000,2024-03-27,2024-03,C,6.0,2024-03-26,1,5.36,0.0002,2,0.0003,11.0,-6.0,-17.0,-5.67
10005805,510500C2403M06000,2024-03-27,2024-03,C,6.0,2024-03-27,0,5.236,0.0001,3,0.0003,11.0,-7.0,-18.0,-6.0
10005806,510500C2403M06250,2024-03-27,2024-03,C,6.25,2024-03-25,2,5.384,0.0002,1,0.0002,10.0,-6.0,-16.0,-8.0
10005806,510500C2403M06250,2024-03-27,2024-03,C,6.25,2024-03-26,1,5.36,0.0001,2,0.0002,10.0,-7.0,-17.0,-8.5
10005806,510500C2403M06250,2024-03-27,2024-03,C,6.25,2024-03-27,0,5.236,0.0001,3,0.0002,10.0,-7.0,-17.0,-8.5
10005807,510500C2403M06500,2024-03-27,2024-03,C,6.5,2024-03-25,2,5.384,0.0003,1,0.0002,10.0,-5.0,-15.0,-7.5
10005807,510500C2403M06500,2024-03-27,2024-03,C,6.5,2024-03-26,1,5.36,0.0001,2,0.0002,10.0,-7.0,-17.0,-8.5
10005807,510500C2403M06500,2024-03-27,2024-03,C,6.5,2024-03-27,0,5.236,0.0001,3,0.0002,10.0,-7.0,-17.0,-8.5
10005808,510500C2403M06750,2024-03-27,2024-03,C,6.75,2024-03-25,2,5.384,0.0001,1,0.0002,10.0,-7.0,-17.0,-8.5
10005808,510500C2403M06750,2024-03-27,2024-03,C,6.75,2024-03-26,1,5.36,0.0001,2,0.0002,10.0,-7.0,-17.0,-8.5
10005808,510500C2403M06750,2024-03-27,2024-03,C,6.75,2024-03-27,0,5.236,0.0001,3,0.0002,10.0,-7.0,-17.0,-8.5
10005809,510500C2403M07000,2024-03-27,2024-03,C,7.0,2024-03-25,2,5.384,0.0002,1,0.0002,10.0,-6.0,-16.0,-8.0
10005809,510500C2403M07000,2024-03-27,2024-03,C,7.0,2024-03-26,1,5.36,0.0001,2,0.0002,10.0,-7.0,-17.0,-8.5
10005809,510500C2403M07000,2024-03-27,2024-03,C,7.0,2024-03-27,0,5.236,0.0001,3,0.0002,10.0,-7.0,-17.0,-8.5
10005810,510500P2403M05000,2024-03-27,2024-03,P,5.0,2024-03-25,2,5.384,0.0004,1,0.0004,12.0,-4.0,-16.0,-4.0
10005810,510500P2403M05000,2024-03-27,2024-03,P,5.0,2024-03-26,1,5.36,0.0002,2,0.0004,12.0,-6.0,-18.0,-4.5
10005810,510500P2403M05000,2024-03-27,2024-03,P,5.0,2024-03-27,0,5.236,0.0001,3,0.0004,12.0,-7.0,-19.0,-4.75
10005811,510500P2403M05250,2024-03-27,2024-03,P,5.25,2024-03-25,2,5.384,0.0079,1,0.0053,61.0,71.0,10.0,0.19
10005811,510500P2403M05250,2024-03-27,2024-03,P,5.25,2024-03-26,1,5.36,0.0032,2,0.0053,61.0,24.0,-37.0,-0.7
10005811,510500P2403M05250,2024-03-27,2024-03,P,5.25,2024-03-27,0,5.236,0.017,3,0.0053,61.0,162.0,101.0,1.91
10005869,510500C2403M07250,2024-03-27,2024-03,C,7.25,2024-03-25,2,5.384,0.0002,1,0.0002,10.0,-6.0,-16.0,-8.0
10005869,510500C2403M07250,2024-03-27,2024-03,C,7.25,2024-03-26,1,5.36,0.0001,2,0.0002,10.0,-7.0,-17.0,-8.5
10005869,510500C2403M07250,2024-03-27,2024-03,C,7.25,2024-03-27,0,5.236,0.0001,3,0.0002,10.0,-7.0,-17.0,-8.5
10005906,510500P2403M04900,2024-03-27,2024-03,P,4.9,2024-03-25,2,5.384,0.0002,1,0.0003,11.0,-6.0,-17.0,-5.67
10005906,510500P2403M04900,2024-03-27,2024-03,P,4.9,2024-03-26,1,5.36,0.0001,2,0.0003,11.0,-7.0,-18.0,-6.0
10005906,510500P2403M04900,2024-03-27,2024-03,P,4.9,2024-03-27,0,5.236,0.0001,3,0.0003,11.0,-7.0,-18.0,-6.0
10006150,510500P2403M04800,2024-03-27,2024-03,P,4.8,2024-03-25,2,5.384,0.0002,1,0.0001,9.0,-6.0,-15.0,-15.0
10006150,510500P2403M04800,2024-03-27,2024-03,P,4.8,2024-03-26,1,5.36,0.0001,2,0.0001,9.0,-7.0,-16.0,-16.0
10006150,510500P2403M04800,2024-03-27,2024-03,P,4.8,2024-03-27,0,5.236,0.0001,3,0.0001,9.0,-7.0,-16.0,-16.0
10006206,510500C2406A05250,2024-06-26,2024-06,C,5.167,2024-06-24,2,5.047,0.0036,1,0.0249,257.0,28.0,-229.0,-0.92
10006206,510500C2406A05250,2024-06-26,2024-06,C,5.167,2024-06-25,1,5.003,0.0003,2,0.0249,257.0,-5.0,-262.0,-1.05
10006206,510500C2406A05250,2024-06-26,2024-06,C,5.167,2024-06-26,0,5.072,0.0001,3,0.0249,257.0,-7.0,-264.0,-1.06
10006207,510500C2406A05500,2024-06-26,2024-06,C,5.413,2024-06-24,2,5.047,0.0001,1,0.0004,12.0,-7.0,-19.0,-4.75
10006207,510500C2406A05500,2024-06-26,2024-06,C,5.413,2024-06-25,1,5.003,0.0002,2,0.0004,12.0,-6.0,-18.0,-4.5
10006207,510500C2406A05500,2024-06-26,2024-06,C,5.413,2024-06-26,0,5.072,0.0001,3,0.0004,12.0,-7.0,-19.0,-4.75
10006208,510500C2406A05750,2024-06-26,2024-06,C,5.659,2024-06-24,2,5.047,0.0003,1,0.0003,11.0,-5.0,-16.0,-5.33
10006208,510500C2406A05750,2024-06-26,2024-06,C,5.659,2024-06-25,1,5.003,0.0001,2,0.0003,11.0,-7.0,-18.0,-6.0
10006208,510500C2406A05750,2024-06-26,2024-06,C,5.659,2024-06-26,0,5.072,0.0001,3,0.0003,11.0,-7.0,-18.0,-6.0
10006209,510500C2406A06000,2024-06-26,2024-06,C,5.906,2024-06-24,2,5.047,0.0002,1,0.0002,10.0,-6.0,-16.0,-8.0
10006209,510500C2406A06000,2024-06-26,2024-06,C,5.906,2024-06-25,1,5.003,0.0001,2,0.0002,10.0,-7.0,-17.0,-8.5
10006209,510500C2406A06000,2024-06-26,2024-06,C,5.906,2024-06-26,0,5.072,0.0001,3,0.0002,10.0,-7.0,-17.0,-8.5
10006210,510500C2406A06250,2024-06-26,2024-06,C,6.152,2024-06-24,2,5.047,0.0002,1,0.0002,10.0,-6.0,-16.0,-8.0
10006210,510500C2406A06250,2024-06-26,2024-06,C,6.152,2024-06-25,1,5.003,0.0002,2,0.0002,10.0,-6.0,-16.0,-8.0
10006210,510500C2406A06250,2024-06-26,2024-06,C,6.152,2024-06-26,0,5.072,0.0002,3,0.0002,10.0,-6.0,-16.0,-8.0
10006211,510500C2406A06500,2024-06-26,2024-06,C,6.398,2024-06-24,2,5.047,0.0002,1,0.0002,10.0,-6.0,-16.0,-8.0
10006211,510500C2406A06500,2024-06-26,2024-06,C,6.398,2024-06-25,1,5.003,0.0001,2,0.0002,10.0,-7.0,-17.0,-8.5
10006211,510500C2406A06500,2024-06-26,2024-06,C,6.398,2024-06-26,0,5.072,0.0001,3,0.0002,10.0,-7.0,-17.0,-8.5
10006212,510500P2406A04800,2024-06-26,2024-06,P,4.724,2024-06-24,2,5.047,0.0003,1,0.0003,11.0,-5.0,-16.0,-5.33
10006212,510500P2406A04800,2024-06-26,2024-06,P,4.724,2024-06-25,1,5.003,0.0001,2,0.0003,11.0,-7.0,-18.0,-6.0
10006212,510500P2406A04800,2024-06-26,2024-06,P,4.724,2024-06-26,0,5.072,0.0001,3,0.0003,11.0,-7.0,-18.0,-6.0
10006213,510500P2406A04900,2024-06-26,2024-06,P,4.823,2024-06-24,2,5.047,0.0005,1,0.0003,11.0,-3.0,-14.0,-4.67
10006213,510500P2406A04900,2024-06-26,2024-06,P,4.823,2024-06-25,1,5.003,0.0002,2,0.0003,11.0,-6.0,-17.0,-5.67
10006213,510500P2406A04900,2024-06-26,2024-06,P,4.823,2024-06-26,0,5.072,0.0001,3,0.0003,11.0,-7.0,-18.0,-6.0
10006214,510500P2406A05000,2024-06-26,2024-06,P,4.921,2024-06-24,2,5.047,0.004,1,0.001,18.0,32.0,14.0,1.4
10006214,510500P2406A05000,2024-06-26,2024-06,P,4.921,2024-06-25,1,5.003,0.0032,2,0.001,18.0,24.0,6.0,0.6
10006214,510500P2406A05000,2024-06-26,2024-06,P,4.921,2024-06-26,0,5.072,0.0001,3,0.001,18.0,-7.0,-25.0,-2.5
10006215,510500P2406A05250,2024-06-26,2024-06,P,5.167,2024-06-24,2,5.047,0.1214,1,0.0435,443.0,1206.0,763.0,1.75
10006215,510500P2406A05250,2024-06-26,2024-06,P,5.167,2024-06-25,1,5.003,0.167,2,0.0435,443.0,1662.0,1219.0,2.8
10006215,510500P2406A05250,2024-06-26,2024-06,P,5.167,2024-06-26,0,5.072,0.0987,3,0.0435,443.0,979.0,536.0,1.23
10006263,510500C2406A06750,2024-06-26,2024-06,C,6.644,2024-06-24,2,5.047,0.0002,1,0.0002,10.0,-6.0,-16.0,-8.0
10006263,510500C2406A06750,2024-06-26,2024-06,C,6.644,2024-06-25,1,5.003,0.0001,2,0.0002,10.0,-7.0,-17.0,-8.5
10006263,510500C2406A06750,2024-06-26,2024-06,C,6.644,2024-06-26,0,5.072,0.0001,3,0.0002,10.0,-7.0,-17.0,-8.5
10006311,510500C2401M05250,2024-01-24,2024-01,C,5.25,2024-01-22,2,4.87,0.0003,1,0.0035,43.0,-5.0,-48.0,-1.37
10006311,510500C2401M05250,2024-01-24,2024-01,C,5.25,2024-01-23,1,4.948,0.0002,2,0.0035,43.0,-6.0,-49.0,-1.4
10006311,510500C2401M05250,2024-01-24,2024-01,C,5.25,2024-01-24,0,5.018,0.0001,3,0.0035,43.0,-7.0,-50.0,-1.43
10006312,510500C2401M05500,2024-01-24,2024-01,C,5.5,2024-01-22,2,4.87,0.0003,1,0.0005,13.0,-5.0,-18.0,-3.6
10006312,510500C2401M05500,2024-01-24,2024-01,C,5.5,2024-01-23,1,4.948,0.0001,2,0.0005,13.0,-7.0,-20.0,-4.0
10006312,510500C2401M05500,2024-01-24,2024-01,C,5.5,2024-01-24,0,5.018,0.0001,3,0.0005,13.0,-7.0,-20.0,-4.0
10006313,510500C2401M05750,2024-01-24,2024-01,C,5.75,2024-01-22,2,4.87,0.0003,1,0.0004,12.0,-5.0,-17.0,-4.25
10006313,510500C2401M05750,2024-01-24,2024-01,C,5.75,2024-01-23,1,4.948,0.0002,2,0.0004,12.0,-6.0,-18.0,-4.5
10006313,510500C2401M05750,2024-01-24,2024-01,C,5.75,2024-01-24,0,5.018,0.0001,3,0.0004,12.0,-7.0,-19.0,-4.75
10006314,510500C2401M06000,2024-01-24,2024-01,C,6.0,2024-01-22,2,4.87,0.0002,1,0.0005,13.0,-6.0,-19.0,-3.8
10006314,510500C2401M06000,2024-01-24,2024-01,C,6.0,2024-01-23,1,4.948,0.0001,2,0.0005,13.0,-7.0,-20.0,-4.0
10006314,510500C2401M06000,2024-01-24,2024-01,C,6.0,2024-01-24,0,5.018,0.0002,3,0.0005,13.0,-6.0,-19.0,-3.8
10006315,510500C2401M06250,2024-01-24,2024-01,C,6.25,2024-01-22,2,4.87,0.0002,1,0.0001,9.0,-6.0,-15.0,-15.0
10006315,510500C2401M06250,2024-01-24,2024-01,C,6.25,2024-01-23,1,4.948,0.0002,2,0.0001,9.0,-6.0,-15.0,-15.0
10006315,510500C2401M06250,2024-01-24,2024-01,C,6.25,2024-01-24,0,5.018,0.0001,3,0.0001,9.0,-7.0,-16.0,-16.0
10006316,510500C2401M06500,2024-01-24,2024-01,C,6.5,2024-01-22,2,4.87,0.0002,1,0.0002,10.0,-6.0,-16.0,-8.0
10006316,510500C2401M06500,2024-01-24,2024-01,C,6.5,2024-01-23,1,4.948,0.0002,2,0.0002,10.0,-6.0,-16.0,-8.0
10006316,510500C2401M06500,2024-01-24,2024-01,C,6.5,2024-01-24,0,5.018,0.0001,3,0.0002,10.0,-7.0,-17.0,-8.5
10006317,510500C2401M06750,2024-01-24,2024-01,C,6.75,2024-01-22,2,4.87,0.0002,1,0.0001,9.0,-6.0,-15.0,-15.0
10006317,510500C2401M06750,2024-01-24,2024-01,C,6.75,2024-01-23,1,4.948,0.0001,2,0.0001,9.0,-7.0,-16.0,-16.0
10006317,510500C2401M06750,2024-01-24,2024-01,C,6.75,2024-01-24,0,5.018,0.0001,3,0.0001,9.0,-7.0,-16.0,-16.0
10006318,510500P2401M04900,2024-01-24,2024-01,P,4.9,2024-01-22,2,4.87,0.123,1,0.006,68.0,1222.0,1154.0,19.23
10006318,510500P2401M04900,2024-01-24,2024-01,P,4.9,2024-01-23,1,4.948,0.0181,2,0.006,68.0,173.0,105.0,1.75
10006318,510500P2401M04900,2024-01-24,2024-01,P,4.9,2024-01-24,0,5.018,0.0001,3,0.006,68.0,-7.0,-75.0,-1.25
10006319,510500P2401M05000,2024-01-24,2024-01,P,5.0,2024-01-22,2,4.87,0.2166,1,0.0204,212.0,2158.0,1946.0,9.54
10006319,510500P2401M05000,2024-01-24,2024-01,P,5.0,2024-01-23,1,4.948,0.0816,2,0.0204,212.0,808.0,596.0,2.92
10006319,510500P2401M05000,2024-01-24,2024-01,P,5.0,2024-01-24,0,5.018,0.0002,3,0.0204,212.0,-6.0,-218.0,-1.07
10006466,510500P2401M04800,2024-01-24,2024-01,P,4.8,2024-01-22,2,4.87,0.0608,1,0.0016,24.0,600.0,576.0,36.0
10006466,510500P2401M04800,2024-01-24,2024-01,P,4.8,2024-01-23,1,4.948,0.0034,2,0.0016,24.0,26.0,2.0,0.12
10006466,510500P2401M04800,2024-01-24,2024-01,P,4.8,2024-01-24,0,5.018,0.0002,3,0.0016,24.0,-6.0,-30.0,-1.88
10006488,510500P2401M04700,2024-01-24,2024-01,P,4.7,2024-01-22,2,4.87,0.0247,1,0.0006,14.0,239.0,225.0,37.5
10006488,510500P2401M04700,2024-01-24,2024-01,P,4.7,2024-01-23,1,4.948,0.0008,2,0.0006,14.0,0.0,-14.0,-2.33
10006488,510500P2401M04700,2024-01-24,2024-01,P,4.7,2024-01-24,0,5.018,0.0001,3,0.0006,14.0,-7.0,-21.0,-3.5
10006490,510500P2403M04700,2024-03-27,2024-03,P,4.7,2024-03-25,2,5.384,0.0002,1,0.0002,10.0,-6.0,-16.0,-8.0
10006490,510500P2403M04700,2024-03-27,2024-03,P,4.7,2024-03-26,1,5.36,0.0001,2,0.0002,10.0,-7.0,-17.0,-8.5
10006490,510500P2403M04700,2024-03-27,2024-03,P,4.7,2024-03-27,0,5.236,0.0001,3,0.0002,10.0,-7.0,-17.0,-8.5
10006492,510500P2406A04700,2024-06-26,2024-06,P,4.626,2024-06-24,2,5.047,0.0001,1,0.0002,10.0,-7.0,-17.0,-8.5
10006492,510500P2406A04700,2024-06-26,2024-06,P,4.626,2024-06-25,1,5.003,0.0001,2,0.0002,10.0,-7.0,-17.0,-8.5
10006492,510500P2406A04700,2024-06-26,2024-06,P,4.626,2024-06-26,0,5.072,0.0002,3,0.0002,10.0,-6.0,-16.0,-8.0
10006542,510500C2402M05500,2024-02-28,2024-02,C,5.5,2024-02-26,2,5.271,0.0018,1,0.0086,94.0,10.0,-84.0,-0.98
10006542,510500C2402M05500,2024-02-28,2024-02,C,5.5,2024-02-27,1,5.398,0.006,2,0.0086,94.0,52.0,-42.0,-0.49
10006542,510500C2402M05500,2024-02-28,2024-02,C,5.5,2024-02-28,0,5.259,0.0003,3,0.0086,94.0,-5.0,-99.0,-1.15
10006543,510500C2402M05750,2024-02-28,2024-02,C,5.75,2024-02-26,2,5.271,0.0003,1,0.0015,23.0,-5.0,-28.0,-1.87
10006543,510500C2402M05750,2024-02-28,2024-02,C,5.75,2024-02-27,1,5.398,0.0002,2,0.0015,23.0,-6.0,-29.0,-1.93
10006543,510500C2402M05750,2024-02-28,2024-02,C,5.75,2024-02-28,0,5.259,0.0001,3,0.0015,23.0,-7.0,-30.0,-2.0
10006544,510500C2402M06000,2024-02-28,2024-02,C,6.0,2024-02-26,2,5.271,0.0002,1,0.0008,16.0,-6.0,-22.0,-2.75
10006544,510500C2402M06000,2024-02-28,2024-02,C,6.0,2024-02-27,1,5.398,0.0001,2,0.0008,16.0,-7.0,-23.0,-2.88
10006544,510500C2402M06000,2024-02-28,2024-02,C,6.0,2024-02-28,0,5.259,0.0001,3,0.0008,16.0,-7.0,-23.0,-2.88
10006545,510500C2402M06250,2024-02-28,2024-02,C,6.25,2024-02-26,2,5.271,0.0001,1,0.0002,10.0,-7.0,-17.0,-8.5
10006545,510500C2402M06250,2024-02-28,2024-02,C,6.25,2024-02-27,1,5.398,0.0001,2,0.0002,10.0,-7.0,-17.0,-8.5
10006545,510500C2402M06250,2024-02-28,2024-02,C,6.25,2024-02-28,0,5.259,0.0001,3,0.0002,10.0,-7.0,-17.0,-8.5
10006546,510500P2402M04700,2024-02-28,2024-02,P,4.7,2024-02-26,2,5.271,0.0002,1,0.0003,11.0,-6.0,-17.0,-5.67
10006546,510500P2402M04700,2024-02-28,2024-02,P,4.7,2024-02-27,1,5.398,0.0001,2,0.0003,11.0,-7.0,-18.0,-6.0
10006546,510500P2402M04700,2024-02-28,2024-02,P,4.7,2024-02-28,0,5.259,0.0001,3,0.0003,11.0,-7.0,-18.0,-6.0
10006547,510500P2402M04800,2024-02-28,2024-02,P,4.8,2024-02-26,2,5.271,0.0003,1,0.0009,17.0,-5.0,-22.0,-2.44
10006547,510500P2402M04800,2024-02-28,2024-02,P,4.8,2024-02-27,1,5.398,0.0002,2,0.0009,17.0,-6.0,-23.0,-2.56
10006547,510500P2402M04800,2024-02-28,2024-02,P,4.8,2024-02-28,0,5.259,0.0001,3,0.0009,17.0,-7.0,-24.0,-2.67
10006548,510500P2402M04900,2024-02-28,2024-02,P,4.9,2024-02-26,2,5.271,0.0007,1,0.0028,36.0,-1.0,-37.0,-1.32
10006548,510500P2402M04900,2024-02-28,2024-02,P,4.9,2024-02-27,1,5.398,0.0002,2,0.0028,36.0,-6.0,-42.0,-1.5
10006548,510500P2402M04900,2024-02-28,2024-02,P,4.9,2024-02-28,0,5.259,0.0001,3,0.0028,36.0,-7.0,-43.0,-1.54
10006549,510500P2402M05000,2024-02-28,2024-02,P,5.0,2024-02-26,2,5.271,0.0021,1,0.0068,76.0,13.0,-63.0,-0.93
10006549,510500P2402M05000,2024-02-28,2024-02,P,5.0,2024-02-27,1,5.398,0.0002,2,0.0068,76.0,-6.0,-82.0,-1.21
10006549,510500P2402M05000,2024-02-28,2024-02,P,5.0,2024-02-28,0,5.259,0.0001,3,0.0068,76.0,-7.0,-83.0,-1.22
10006595,510500C2402M06500,2024-02-28,2024-02,C,6.5,2024-02-26,2,5.271,0.0001,1,0.0002,10.0,-7.0,-17.0,-8.5
10006595,510500C2402M06500,2024-02-28,2024-02,C,6.5,2024-02-27,1,5.398,0.0002,2,0.0002,10.0,-6.0,-16.0,-8.0
10006595,510500C2402M06500,2024-02-28,2024-02,C,6.5,2024-02-28,0,5.259,0.0001,3,0.0002,10.0,-7.0,-17.0,-8.5
10006714,510500P2401M04600,2024-01-24,2024-01,P,4.6,2024-01-23,1,4.948,0.0002,1,0.0103,111.0,-6.0,-117.0,-1.14
10006714,510500P2401M04600,2024-01-24,2024-01,P,4.6,2024-01-24,0,5.018,0.0001,2,0.0103,111.0,-7.0,-118.0,-1.15
10006716,510500P2402M04600,2024-02-28,2024-02,P,4.6,2024-02-26,2,5.271,0.0001,1,0.0004,12.0,-7.0,-19.0,-4.75
10006716,510500P2402M04600,2024-02-28,2024-02,P,4.6,2024-02-27,1,5.398,0.0002,2,0.0004,12.0,-6.0,-18.0,-4.5
10006716,510500P2402M04600,2024-02-28,2024-02,P,4.6,2024-02-28,0,5.259,0.0001,3,0.0004,12.0,-7.0,-19.0,-4.75
10006718,510500P2403M04600,2024-03-27,2024-03,P,4.6,2024-03-25,2,5.384,0.0002,1,0.0002,10.0,-6.0,-16.0,-8.0
10006718,510500P2403M04600,2024-03-27,2024-03,P,4.6,2024-03-26,1,5.36,0.0001,2,0.0002,10.0,-7.0,-17.0,-8.5
10006718,510500P2403M04600,2024-03-27,2024-03,P,4.6,2024-03-27,0,5.236,0.0001,3,0.0002,10.0,-7.0,-17.0,-8.5
10006720,510500P2406A04600,2024-06-26,2024-06,P,4.528,2024-06-24,2,5.047,0.0001,1,0.0002,10.0,-7.0,-17.0,-8.5
10006720,510500P2406A04600,2024-06-26,2024-06,P,4.528,2024-06-25,1,5.003,0.0001,2,0.0002,10.0,-7.0,-17.0,-8.5
10006720,510500P2406A04600,2024-06-26,2024-06,P,4.528,2024-06-26,0,5.072,0.0001,3,0.0002,10.0,-7.0,-17.0,-8.5
10006722,510500P2401M04500,2024-01-24,2024-01,P,4.5,2024-01-24,0,5.018,0.0001,1,0.0001,9.0,-7.0,-16.0,-16.0
10006724,510500P2402M04500,2024-02-28,2024-02,P,4.5,2024-02-26,2,5.271,0.0002,1,0.0002,10.0,-6.0,-16.0,-8.0
10006724,510500P2402M04500,2024-02-28,2024-02,P,4.5,2024-02-27,1,5.398,0.0001,2,0.0002,10.0,-7.0,-17.0,-8.5
10006724,510500P2402M04500,2024-02-28,2024-02,P,4.5,2024-02-28,0,5.259,0.0001,3,0.0002,10.0,-7.0,-17.0,-8.5
10006726,510500P2403M04500,2024-03-27,2024-03,P,4.5,2024-03-25,2,5.384,0.0002,1,0.0002,10.0,-6.0,-16.0,-8.0
10006726,510500P2403M04500,2024-03-27,2024-03,P,4.5,2024-03-26,1,5.36,0.0001,2,0.0002,10.0,-7.0,-17.0,-8.5
10006726,510500P2403M04500,2024-03-27,2024-03,P,4.5,2024-03-27,0,5.236,0.0001,3,0.0002,10.0,-7.0,-17.0,-8.5
10006728,510500P2406A04500,2024-06-26,2024-06,P,4.429,2024-06-24,2,5.047,0.0001,1,0.0002,10.0,-7.0,-17.0,-8.5
10006728,510500P2406A04500,2024-06-26,2024-06,P,4.429,2024-06-25,1,5.003,0.0001,2,0.0002,10.0,-7.0,-17.0,-8.5
10006728,510500P2406A04500,2024-06-26,2024-06,P,4.429,2024-06-26,0,5.072,0.0001,3,0.0002,10.0,-7.0,-17.0,-8.5
10006766,510500C2409A04700,2024-09-25,2024-09,C,4.626,2024-09-23,2,4.567,0.008,1,0.0165,173.0,72.0,-101.0,-0.61
10006766,510500C2409A04700,2024-09-25,2024-09,C,4.626,2024-09-24,1,4.779,0.1555,2,0.0165,173.0,1547.0,1374.0,8.33
10006766,510500C2409A04700,2024-09-25,2024-09,C,4.626,2024-09-25,0,4.813,0.1893,3,0.0165,173.0,1885.0,1712.0,10.38
10006767,510500C2409A04800,2024-09-25,2024-09,C,4.724,2024-09-23,2,4.567,0.0009,1,0.0038,46.0,1.0,-45.0,-1.18
10006767,510500C2409A04800,2024-09-25,2024-09,C,4.724,2024-09-24,1,4.779,0.06,2,0.0038,46.0,592.0,546.0,14.37
10006767,510500C2409A04800,2024-09-25,2024-09,C,4.724,2024-09-25,0,4.813,0.09,3,0.0038,46.0,892.0,846.0,22.26
10006768,510500C2409A04900,2024-09-25,2024-09,C,4.823,2024-09-23,2,4.567,0.0001,1,0.0009,17.0,-7.0,-24.0,-2.67
10006768,510500C2409A04900,2024-09-25,2024-09,C,4.823,2024-09-24,1,4.779,0.014,2,0.0009,17.0,132.0,115.0,12.78
10006768,510500C2409A04900,2024-09-25,2024-09,C,4.823,2024-09-25,0,4.813,0.0001,3,0.0009,17.0,-7.0,-24.0,-2.67
10006769,510500C2409A05000,2024-09-25,2024-09,C,4.921,2024-09-23,2,4.567,0.0002,1,0.0005,13.0,-6.0,-19.0,-3.8
10006769,510500C2409A05000,2024-09-25,2024-09,C,4.921,2024-09-24,1,4.779,0.0013,2,0.0005,13.0,5.0,-8.0,-1.6
10006769,510500C2409A05000,2024-09-25,2024-09,C,4.921,2024-09-25,0,4.813,0.0001,3,0.0005,13.0,-7.0,-20.0,-4.0
10006770,510500C2409A05250,2024-09-25,2024-09,C,5.167,2024-09-23,2,4.567,0.0002,1,0.0003,11.0,-6.0,-17.0,-5.67
10006770,510500C2409A05250,2024-09-25,2024-09,C,5.167,2024-09-24,1,4.779,0.0004,2,0.0003,11.0,-4.0,-15.0,-5.0
10006770,510500C2409A05250,2024-09-25,2024-09,C,5.167,2024-09-25,0,4.813,0.0001,3,0.0003,11.0,-7.0,-18.0,-6.0
10006771,510500C2409A05500,2024-09-25,2024-09,C,5.413,2024-09-23,2,4.567,0.0001,1,0.0001,9.0,-7.0,-16.0,-16.0
10006771,510500C2409A05500,2024-09-25,2024-09,C,5.413,2024-09-24,1,4.779,0.0002,2,0.0001,9.0,-6.0,-15.0,-15.0
10006771,510500C2409A05500,2024-09-25,2024-09,C,5.413,2024-09-25,0,4.813,0.0001,3,0.0001,9.0,-7.0,-16.0,-16.0
10006772,510500C2409A05750,2024-09-25,2024-09,C,5.659,2024-09-23,2,4.567,0.0002,1,0.0002,10.0,-6.0,-16.0,-8.0
10006772,510500C2409A05750,2024-09-25,2024-09,C,5.659,2024-09-24,1,4.779,0.0002,2,0.0002,10.0,-6.0,-16.0,-8.0
10006772,510500C2409A05750,2024-09-25,2024-09,C,5.659,2024-09-25,0,4.813,0.0001,3,0.0002,10.0,-7.0,-17.0,-8.5
10006773,510500C2409A06000,2024-09-25,2024-09,C,5.906,2024-09-23,2,4.567,0.0002,1,0.0002,10.0,-6.0,-16.0,-8.0
10006773,510500C2409A06000,2024-09-25,2024-09,C,5.906,2024-09-24,1,4.779,0.0002,2,0.0002,10.0,-6.0,-16.0,-8.0
10006773,510500C2409A06000,2024-09-25,2024-09,C,5.906,2024-09-25,0,4.813,0.0002,3,0.0002,10.0,-6.0,-16.0,-8.0
10006774,510500P2409A04600,2024-09-25,2024-09,P,4.528,2024-09-23,2,4.567,0.0155,1,0.0236,244.0,147.0,-97.0,-0.41
10006774,510500P2409A04600,2024-09-25,2024-09,P,4.528,2024-09-24,1,4.779,0.0001,2,0.0236,244.0,-7.0,-251.0,-1.06
10006774,510500P2409A04600,2024-09-25,2024-09,P,4.528,2024-09-25,0,4.813,0.0001,3,0.0236,244.0,-7.0,-251.0,-1.06
10006821,510500C2409A06250,2024-09-25,2024-09,C,6.152,2024-09-23,2,4.567,0.0002,1,0.0002,10.0,-6.0,-16.0,-8.0
10006821,510500C2409A06250,2024-09-25,2024-09,C,6.152,2024-09-24,1,4.779,0.0002,2,0.0002,10.0,-6.0,-16.0,-8.0
10006821,510500C2409A06250,2024-09-25,2024-09,C,6.152,2024-09-25,0,4.813,0.0001,3,0.0002,10.0,-7.0,-17.0,-8.5
10006836,510500P2409A04500,2024-09-25,2024-09,P,4.429,2024-09-23,2,4.567,0.0016,1,0.0038,46.0,8.0,-38.0,-1.0
10006836,510500P2409A04500,2024-09-25,2024-09,P,4.429,2024-09-24,1,4.779,0.0002,2,0.0038,46.0,-6.0,-52.0,-1.37
10006836,510500P2409A04500,2024-09-25,2024-09,P,4.429,2024-09-25,0,4.813,0.0001,3,0.0038,46.0,-7.0,-53.0,-1.39
10006846,510500P2402M04400,2024-02-28,2024-02,P,4.4,2024-02-26,2,5.271,0.0002,1,0.0002,10.0,-6.0,-16.0,-8.0
10006846,510500P2402M04400,2024-02-28,2024-02,P,4.4,2024-02-27,1,5.398,0.0002,2,0.0002,10.0,-6.0,-16.0,-8.0
10006846,510500P2402M04400,2024-02-28,2024-02,P,4.4,2024-02-28,0,5.259,0.0001,3,0.0002,10.0,-7.0,-17.0,-8.5
10006848,510500P2403M04400,2024-03-27,2024-03,P,4.4,2024-03-25,2,5.384,0.0001,1,0.0001,9.0,-7.0,-16.0,-16.0
10006848,510500P2403M04400,2024-03-27,2024-03,P,4.4,2024-03-26,1,5.36,0.0001,2,0.0001,9.0,-7.0,-16.0,-16.0
10006848,510500P2403M04400,2024-03-27,2024-03,P,4.4,2024-03-27,0,5.236,0.0001,3,0.0001,9.0,-7.0,-16.0,-16.0
10006850,510500P2406A04400,2024-06-26,2024-06,P,4.331,2024-06-24,2,5.047,0.0001,1,0.0001,9.0,-7.0,-16.0,-16.0
10006850,510500P2406A04400,2024-06-26,2024-06,P,4.331,2024-06-25,1,5.003,0.0001,2,0.0001,9.0,-7.0,-16.0,-16.0
10006850,510500P2406A04400,2024-06-26,2024-06,P,4.331,2024-06-26,0,5.072,0.0001,3,0.0001,9.0,-7.0,-16.0,-16.0
10006852,510500P2409A04400,2024-09-25,2024-09,P,4.331,2024-09-23,2,4.567,0.0003,1,0.0006,14.0,-5.0,-19.0,-3.17
10006852,510500P2409A04400,2024-09-25,2024-09,P,4.331,2024-09-24,1,4.779,0.0002,2,0.0006,14.0,-6.0,-20.0,-3.33
10006852,510500P2409A04400,2024-09-25,2024-09,P,4.331,2024-09-25,0,4.813,0.0001,3,0.0006,14.0,-7.0,-21.0,-3.5
10006865,510500P2402M04200,2024-02-28,2024-02,P,4.2,2024-02-26,2,5.271,0.0001,1,0.0002,10.0,-7.0,-17.0,-8.5
10006865,510500P2402M04200,2024-02-28,2024-02,P,4.2,2024-02-27,1,5.398,0.0001,2,0.0002,10.0,-7.0,-17.0,-8.5
10006865,510500P2402M04200,2024-02-28,2024-02,P,4.2,2024-02-28,0,5.259,0.0001,3,0.0002,10.0,-7.0,-17.0,-8.5
10006866,510500P2402M04300,2024-02-28,2024-02,P,4.3,2024-02-26,2,5.271,0.0002,1,0.0001,9.0,-6.0,-15.0,-15.0
10006866,510500P2402M04300,2024-02-28,2024-02,P,4.3,2024-02-27,1,5.398,0.0001,2,0.0001,9.0,-7.0,-16.0,-16.0
10006866,510500P2402M04300,2024-02-28,2024-02,P,4.3,2024-02-28,0,5.259,0.0001,3,0.0001,9.0,-7.0,-16.0,-16.0
10006869,510500P2403M04200,2024-03-27,2024-03,P,4.2,2024-03-25,2,5.384,0.0001,1,0.0002,10.0,-7.0,-17.0,-8.5
10006869,510500P2403M04200,2024-03-27,2024-03,P,4.2,2024-03-26,1,5.36,0.0001,2,0.0002,10.0,-7.0,-17.0,-8.5
10006869,510500P2403M04200,2024-03-27,2024-03,P,4.2,2024-03-27,0,5.236,0.0001,3,0.0002,10.0,-7.0,-17.0,-8.5
10006870,510500P2403M04300,2024-03-27,2024-03,P,4.3,2024-03-25,2,5.384,0.0001,1,0.0006,14.0,-7.0,-21.0,-3.5
10006870,510500P2403M04300,2024-03-27,2024-03,P,4.3,2024-03-26,1,5.36,0.0001,2,0.0006,14.0,-7.0,-21.0,-3.5
10006870,510500P2403M04300,2024-03-27,2024-03,P,4.3,2024-03-27,0,5.236,0.0001,3,0.0006,14.0,-7.0,-21.0,-3.5
10006873,510500P2406A04200,2024-06-26,2024-06,P,4.134,2024-06-24,2,5.047,0.0001,1,0.0001,9.0,-7.0,-16.0,-16.0
10006873,510500P2406A04200,2024-06-26,2024-06,P,4.134,2024-06-25,1,5.003,0.0001,2,0.0001,9.0,-7.0,-16.0,-16.0
10006873,510500P2406A04200,2024-06-26,2024-06,P,4.134,2024-06-26,0,5.072,0.0001,3,0.0001,9.0,-7.0,-16.0,-16.0
10006874,510500P2406A04300,2024-06-26,2024-06,P,4.232,2024-06-24,2,5.047,0.0001,1,0.0001,9.0,-7.0,-16.0,-16.0
10006874,510500P2406A04300,2024-06-26,2024-06,P,4.232,2024-06-25,1,5.003,0.0001,2,0.0001,9.0,-7.0,-16.0,-16.0
10006874,510500P2406A04300,2024-06-26,2024-06,P,4.232,2024-06-26,0,5.072,0.0001,3,0.0001,9.0,-7.0,-16.0,-16.0
10006877,510500P2409A04200,2024-09-25,2024-09,P,4.134,2024-09-23,2,4.567,0.0001,1,0.0002,10.0,-7.0,-17.0,-8.5
10006877,510500P2409A04200,2024-09-25,2024-09,P,4.134,2024-09-24,1,4.779,0.0001,2,0.0002,10.0,-7.0,-17.0,-8.5
10006877,510500P2409A04200,2024-09-25,2024-09,P,4.134,2024-09-25,0,4.813,0.0001,3,0.0002,10.0,-7.0,-17.0,-8.5
10006878,510500P2409A04300,2024-09-25,2024-09,P,4.232,2024-09-23,2,4.567,0.0002,1,0.0002,10.0,-6.0,-16.0,-8.0
10006878,510500P2409A04300,2024-09-25,2024-09,P,4.232,2024-09-24,1,4.779,0.0002,2,0.0002,10.0,-6.0,-16.0,-8.0
10006878,510500P2409A04300,2024-09-25,2024-09,P,4.232,2024-09-25,0,4.813,0.0001,3,0.0002,10.0,-7.0,-17.0,-8.5
10006880,510500P2402M04100,2024-02-28,2024-02,P,4.1,2024-02-26,2,5.271,0.0001,1,0.0001,9.0,-7.0,-16.0,-16.0
10006880,510500P2402M04100,2024-02-28,2024-02,P,4.1,2024-02-27,1,5.398,0.0002,2,0.0001,9.0,-6.0,-15.0,-15.0
10006880,510500P2402M04100,2024-02-28,2024-02,P,4.1,2024-02-28,0,5.259,0.0001,3,0.0001,9.0,-7.0,-16.0,-16.0
10006882,510500P2403M04100,2024-03-27,2024-03,P,4.1,2024-03-25,2,5.384,0.0001,1,0.0001,9.0,-7.0,-16.0,-16.0
10006882,510500P2403M04100,2024-03-27,2024-03,P,4.1,2024-03-26,1,5.36,0.0001,2,0.0001,9.0,-7.0,-16.0,-16.0
10006882,510500P2403M04100,2024-03-27,2024-03,P,4.1,2024-03-27,0,5.236,0.0001,3,0.0001,9.0,-7.0,-16.0,-16.0
10006884,510500P2406A04100,2024-06-26,2024-06,P,4.035,2024-06-24,2,5.047,0.0001,1,0.0002,10.0,-7.0,-17.0,-8.5
10006884,510500P2406A04100,2024-06-26,2024-06,P,4.035,2024-06-25,1,5.003,0.0001,2,0.0002,10.0,-7.0,-17.0,-8.5
10006884,510500P2406A04100,2024-06-26,2024-06,P,4.035,2024-06-26,0,5.072,0.0002,3,0.0002,10.0,-6.0,-16.0,-8.0
10006886,510500P2409A04100,2024-09-25,2024-09,P,4.035,2024-09-23,2,4.567,0.0001,1,0.0002,10.0,-7.0,-17.0,-8.5
10006886,510500P2409A04100,2024-09-25,2024-09,P,4.035,2024-09-24,1,4.779,0.0001,2,0.0002,10.0,-7.0,-17.0,-8.5
10006886,510500P2409A04100,2024-09-25,2024-09,P,4.035,2024-09-25,0,4.813,0.0001,3,0.0002,10.0,-7.0,-17.0,-8.5
10006911,510500C2409A06500,2024-09-25,2024-09,C,6.398,2024-09-23,2,4.567,0.0002,1,0.0002,10.0,-6.0,-16.0,-8.0
10006911,510500C2409A06500,2024-09-25,2024-09,C,6.398,2024-09-24,1,4.779,0.0002,2,0.0002,10.0,-6.0,-16.0,-8.0
10006911,510500C2409A06500,2024-09-25,2024-09,C,6.398,2024-09-25,0,4.813,0.0001,3,0.0002,10.0,-7.0,-17.0,-8.5
10006956,510500C2404M05500,2024-04-24,2024-04,C,5.5,2024-04-22,2,5.349,0.003,1,0.0146,154.0,22.0,-132.0,-0.9
10006956,510500C2404M05500,2024-04-24,2024-04,C,5.5,2024-04-23,1,5.287,0.0003,2,0.0146,154.0,-5.0,-159.0,-1.09
10006956,510500C2404M05500,2024-04-24,2024-04,C,5.5,2024-04-24,0,5.349,0.0001,3,0.0146,154.0,-7.0,-161.0,-1.1
10006957,510500C2404M05750,2024-04-24,2024-04,C,5.75,2024-04-22,2,5.349,0.0002,1,0.0009,17.0,-6.0,-23.0,-2.56
10006957,510500C2404M05750,2024-04-24,2024-04,C,5.75,2024-04-23,1,5.287,0.0001,2,0.0009,17.0,-7.0,-24.0,-2.67
10006957,510500C2404M05750,2024-04-24,2024-04,C,5.75,2024-04-24,0,5.349,0.0001,3,0.0009,17.0,-7.0,-24.0,-2.67
10006958,510500C2404M06000,2024-04-24,2024-04,C,6.0,2024-04-22,2,5.349,0.0001,1,0.0002,10.0,-7.0,-17.0,-8.5
10006958,510500C2404M06000,2024-04-24,2024-04,C,6.0,2024-04-23,1,5.287,0.0001,2,0.0002,10.0,-7.0,-17.0,-8.5
10006958,510500C2404M06000,2024-04-24,2024-04,C,6.0,2024-04-24,0,5.349,0.0001,3,0.0002,10.0,-7.0,-17.0,-8.5
10006959,510500C2404M06250,2024-04-24,2024-04,C,6.25,2024-04-22,2,5.349,0.0001,1,0.0002,10.0,-7.0,-17.0,-8.5
10006959,510500C2404M06250,2024-04-24,2024-04,C,6.25,2024-04-23,1,5.287,0.0001,2,0.0002,10.0,-7.0,-17.0,-8.5
10006959,510500C2404M06250,2024-04-24,2024-04,C,6.25,2024-04-24,0,5.349,0.0001,3,0.0002,10.0,-7.0,-17.0,-8.5
10006960,510500P2404M04700,2024-04-24,2024-04,P,4.7,2024-04-22,2,5.349,0.0001,1,0.0002,10.0,-7.0,-17.0,-8.5
10006960,510500P2404M04700,2024-04-24,2024-04,P,4.7,2024-04-23,1,5.287,0.0001,2,0.0002,10.0,-7.0,-17.0,-8.5
10006960,510500P2404M04700,2024-04-24,2024-04,P,4.7,2024-04-24,0,5.349,0.0001,3,0.0002,10.0,-7.0,-17.0,-8.5
10006961,510500P2404M04800,2024-04-24,2024-04,P,4.8,2024-04-22,2,5.349,0.0001,1,0.0001,9.0,-7.0,-16.0,-16.0
10006961,510500P2404M04800,2024-04-24,2024-04,P,4.8,2024-04-23,1,5.287,0.0001,2,0.0001,9.0,-7.0,-16.0,-16.0
10006961,510500P2404M04800,2024-04-24,2024-04,P,4.8,2024-04-24,0,5.349,0.0001,3,0.0001,9.0,-7.0,-16.0,-16.0
10006962,510500P2404M04900,2024-04-24,2024-04,P,4.9,2024-04-22,2,5.349,0.0002,1,0.0006,14.0,-6.0,-20.0,-3.33
10006962,510500P2404M04900,2024-04-24,2024-04,P,4.9,2024-04-23,1,5.287,0.0001,2,0.0006,14.0,-7.0,-21.0,-3.5
10006962,510500P2404M04900,2024-04-24,2024-04,P,4.9,2024-04-24,0,5.349,0.0001,3,0.0006,14.0,-7.0,-21.0,-3.5
10006963,510500P2404M05000,2024-04-24,2024-04,P,5.0,2024-04-22,2,5.349,0.0009,1,0.0016,24.0,1.0,-23.0,-1.44
10006963,510500P2404M05000,2024-04-24,2024-04,P,5.0,2024-04-23,1,5.287,0.0004,2,0.0016,24.0,-4.0,-28.0,-1.75
10006963,510500P2404M05000,2024-04-24,2024-04,P,5.0,2024-04-24,0,5.349,0.0001,3,0.0016,24.0,-7.0,-31.0,-1.94
10006964,510500P2404M05250,2024-04-24,2024-04,P,5.25,2024-04-22,2,5.349,0.0115,1,0.0139,147.0,107.0,-40.0,-0.29
10006964,510500P2404M05250,2024-04-24,2024-04,P,5.25,2024-04-23,1,5.287,0.0123,2,0.0139,147.0,115.0,-32.0,-0.23
10006964,510500P2404M05250,2024-04-24,2024-04,P,5.25,2024-04-24,0,5.349,0.0001,3,0.0139,147.0,-7.0,-154.0,-1.11
10007009,510500C2404M06500,2024-04-24,2024-04,C,6.5,2024-04-22,2,5.349,0.0001,1,0.0002,10.0,-7.0,-17.0,-8.5
10007009,510500C2404M06500,2024-04-24,2024-04,C,6.5,2024-04-23,1,5.287,0.0001,2,0.0002,10.0,-7.0,-17.0,-8.5
10007009,510500C2404M06500,2024-04-24,2024-04,C,6.5,2024-04-24,0,5.349,0.0001,3,0.0002,10.0,-7.0,-17.0,-8.5
10007077,510500C2405A05750,2024-05-22,2024-05,C,5.659,2024-05-20,2,5.524,0.0027,1,0.0044,52.0,19.0,-33.0,-0.75
10007077,510500C2405A05750,2024-05-22,2024-05,C,5.659,2024-05-21,1,5.484,0.0001,2,0.0044,52.0,-7.0,-59.0,-1.34
10007077,510500C2405A05750,2024-05-22,2024-05,C,5.659,2024-05-22,0,5.478,0.0001,3,0.0044,52.0,-7.0,-59.0,-1.34
10007078,510500C2405A06000,2024-05-22,2024-05,C,5.906,2024-05-20,2,5.524,0.0002,1,0.0002,10.0,-6.0,-16.0,-8.0
10007078,510500C2405A06000,2024-05-22,2024-05,C,5.906,2024-05-21,1,5.484,0.0002,2,0.0002,10.0,-6.0,-16.0,-8.0
10007078,510500C2405A06000,2024-05-22,2024-05,C,5.906,2024-05-22,0,5.478,0.0001,3,0.0002,10.0,-7.0,-17.0,-8.5
10007079,510500C2405A06250,2024-05-22,2024-05,C,6.152,2024-05-20,2,5.524,0.0001,1,0.0002,10.0,-7.0,-17.0,-8.5
10007079,510500C2405A06250,2024-05-22,2024-05,C,6.152,2024-05-21,1,5.484,0.0001,2,0.0002,10.0,-7.0,-17.0,-8.5
10007079,510500C2405A06250,2024-05-22,2024-05,C,6.152,2024-05-22,0,5.478,0.0001,3,0.0002,10.0,-7.0,-17.0,-8.5
10007080,510500P2405A04700,2024-05-22,2024-05,P,4.626,2024-05-20,2,5.524,0.0001,1,0.0002,10.0,-7.0,-17.0,-8.5
10007080,510500P2405A04700,2024-05-22,2024-05,P,4.626,2024-05-21,1,5.484,0.0001,2,0.0002,10.0,-7.0,-17.0,-8.5
10007080,510500P2405A04700,2024-05-22,2024-05,P,4.626,2024-05-22,0,5.478,0.0001,3,0.0002,10.0,-7.0,-17.0,-8.5
10007081,510500P2405A04800,2024-05-22,2024-05,P,4.724,2024-05-20,2,5.524,0.0001,1,0.0002,10.0,-7.0,-17.0,-8.5
10007081,510500P2405A04800,2024-05-22,2024-05,P,4.724,2024-05-21,1,5.484,0.0001,2,0.0002,10.0,-7.0,-17.0,-8.5
10007081,510500P2405A04800,2024-05-22,2024-05,P,4.724,2024-05-22,0,5.478,0.0001,3,0.0002,10.0,-7.0,-17.0,-8.5
10007082,510500P2405A04900,2024-05-22,2024-05,P,4.823,2024-05-20,2,5.524,0.0002,1,0.0003,11.0,-6.0,-17.0,-5.67
10007082,510500P2405A04900,2024-05-22,2024-05,P,4.823,2024-05-21,1,5.484,0.0001,2,0.0003,11.0,-7.0,-18.0,-6.0
10007082,510500P2405A04900,2024-05-22,2024-05,P,4.823,2024-05-22,0,5.478,0.0001,3,0.0003,11.0,-7.0,-18.0,-6.0
10007083,510500P2405A05000,2024-05-22,2024-05,P,4.921,2024-05-20,2,5.524,0.0002,1,0.0002,10.0,-6.0,-16.0,-8.0
10007083,510500P2405A05000,2024-05-22,2024-05,P,4.921,2024-05-21,1,5.484,0.0001,2,0.0002,10.0,-7.0,-17.0,-8.5
10007083,510500P2405A05000,2024-05-22,2024-05,P,4.921,2024-05-22,0,5.478,0.0001,3,0.0002,10.0,-7.0,-17.0,-8.5
10007084,510500P2405A05250,2024-05-22,2024-05,P,5.167,2024-05-20,2,5.524,0.0003,1,0.0007,15.0,-5.0,-20.0,-2.86
10007084,510500P2405A05250,2024-05-22,2024-05,P,5.167,2024-05-21,1,5.484,0.0001,2,0.0007,15.0,-7.0,-22.0,-3.14
10007084,510500P2405A05250,2024-05-22,2024-05,P,5.167,2024-05-22,0,5.478,0.0001,3,0.0007,15.0,-7.0,-22.0,-3.14
10007085,510500P2405A05500,2024-05-22,2024-05,P,5.413,2024-05-20,2,5.524,0.0043,1,0.013,138.0,35.0,-103.0,-0.79
10007085,510500P2405A05500,2024-05-22,2024-05,P,5.413,2024-05-21,1,5.484,0.0028,2,0.013,138.0,20.0,-118.0,-0.91
10007085,510500P2405A05500,2024-05-22,2024-05,P,5.413,2024-05-22,0,5.478,0.0002,3,0.013,138.0,-6.0,-144.0,-1.11
10007131,510500C2405A06500,2024-05-22,2024-05,C,6.398,2024-05-20,2,5.524,0.0001,1,0.0001,9.0,-7.0,-16.0,-16.0
10007131,510500C2405A06500,2024-05-22,2024-05,C,6.398,2024-05-21,1,5.484,0.0001,2,0.0001,9.0,-7.0,-16.0,-16.0
10007131,510500C2405A06500,2024-05-22,2024-05,C,6.398,2024-05-22,0,5.478,0.0001,3,0.0001,9.0,-7.0,-16.0,-16.0
10007183,510500C2412A06250,2024-12-25,2024-12,C,6.152,2024-12-23,2,5.915,0.0017,1,0.0132,140.0,9.0,-131.0,-0.99
10007183,510500C2412A06250,2024-12-25,2024-12,C,6.152,2024-12-24,1,5.982,0.0011,2,0.0132,140.0,3.0,-137.0,-1.04
10007183,510500C2412A06250,2024-12-25,2024-12,C,6.152,2024-12-25,0,5.932,0.0001,3,0.0132,140.0,-7.0,-147.0,-1.11
10007184,510500P2412A04700,2024-12-25,2024-12,P,4.626,2024-12-23,2,5.915,0.0002,1,0.0001,9.0,-6.0,-15.0,-15.0
10007184,510500P2412A04700,2024-12-25,2024-12,P,4.626,2024-12-24,1,5.982,0.0002,2,0.0001,9.0,-6.0,-15.0,-15.0
10007184,510500P2412A04700,2024-12-25,2024-12,P,4.626,2024-12-25,0,5.932,0.0002,3,0.0001,9.0,-6.0,-15.0,-15.0
10007185,510500P2412A04800,2024-12-25,2024-12,P,4.724,2024-12-23,2,5.915,0.0002,1,0.0002,10.0,-6.0,-16.0,-8.0
10007185,510500P2412A04800,2024-12-25,2024-12,P,4.724,2024-12-24,1,5.982,0.0002,2,0.0002,10.0,-6.0,-16.0,-8.0
10007185,510500P2412A04800,2024-12-25,2024-12,P,4.724,2024-12-25,0,5.932,0.0002,3,0.0002,10.0,-6.0,-16.0,-8.0
10007186,510500P2412A04900,2024-12-25,2024-12,P,4.823,2024-12-23,2,5.915,0.0002,1,0.0002,10.0,-6.0,-16.0,-8.0
10007186,510500P2412A04900,2024-12-25,2024-12,P,4.823,2024-12-24,1,5.982,0.0001,2,0.0002,10.0,-7.0,-17.0,-8.5
10007186,510500P2412A04900,2024-12-25,2024-12,P,4.823,2024-12-25,0,5.932,0.0001,3,0.0002,10.0,-7.0,-17.0,-8.5
10007187,510500P2412A05000,2024-12-25,2024-12,P,4.921,2024-12-23,2,5.915,0.0002,1,0.0002,10.0,-6.0,-16.0,-8.0
10007187,510500P2412A05000,2024-12-25,2024-12,P,4.921,2024-12-24,1,5.982,0.0002,2,0.0002,10.0,-6.0,-16.0,-8.0
10007187,510500P2412A05000,2024-12-25,2024-12,P,4.921,2024-12-25,0,5.932,0.0001,3,0.0002,10.0,-7.0,-17.0,-8.5
10007188,510500P2412A05250,2024-12-25,2024-12,P,5.167,2024-12-23,2,5.915,0.0004,1,0.0003,11.0,-4.0,-15.0,-5.0
10007188,510500P2412A05250,2024-12-25,2024-12,P,5.167,2024-12-24,1,5.982,0.0003,2,0.0003,11.0,-5.0,-16.0,-5.33
10007188,510500P2412A05250,2024-12-25,2024-12,P,5.167,2024-12-25,0,5.932,0.0002,3,0.0003,11.0,-6.0,-17.0,-5.67
10007189,510500P2412A05500,2024-12-25,2024-12,P,5.413,2024-12-23,2,5.915,0.0008,1,0.0004,12.0,0.0,-12.0,-3.0
10007189,510500P2412A05500,2024-12-25,2024-12,P,5.413,2024-12-24,1,5.982,0.0004,2,0.0004,12.0,-4.0,-16.0,-4.0
10007189,510500P2412A05500,2024-12-25,2024-12,P,5.413,2024-12-25,0,5.932,0.0001,3,0.0004,12.0,-7.0,-19.0,-4.75
10007190,510500P2412A05750,2024-12-25,2024-12,P,5.659,2024-12-23,2,5.915,0.0033,1,0.002,28.0,25.0,-3.0,-0.15
10007190,510500P2412A05750,2024-12-25,2024-12,P,5.659,2024-12-24,1,5.982,0.0002,2,0.002,28.0,-6.0,-34.0,-1.7
10007190,510500P2412A05750,2024-12-25,2024-12,P,5.659,2024-12-25,0,5.932,0.0001,3,0.002,28.0,-7.0,-35.0,-1.75
10007191,510500P2412A06000,2024-12-25,2024-12,P,5.906,2024-12-23,2,5.915,0.0445,1,0.0192,200.0,437.0,237.0,1.23
10007191,510500P2412A06000,2024-12-25,2024-12,P,5.906,2024-12-24,1,5.982,0.0054,2,0.0192,200.0,46.0,-154.0,-0.8
10007191,510500P2412A06000,2024-12-25,2024-12,P,5.906,2024-12-25,0,5.932,0.0001,3,0.0192,200.0,-7.0,-207.0,-1.08
10007233,510500C2412A06500,2024-12-25,2024-12,C,6.398,2024-12-23,2,5.915,0.0002,1,0.0007,15.0,-6.0,-21.0,-3.0
10007233,510500C2412A06500,2024-12-25,2024-12,C,6.398,2024-12-24,1,5.982,0.0001,2,0.0007,15.0,-7.0,-22.0,-3.14
10007233,510500C2412A06500,2024-12-25,2024-12,C,6.398,2024-12-25,0,5.932,0.0001,3,0.0007,15.0,-7.0,-22.0,-3.14
10007255,510500C2405A06750,2024-05-22,2024-05,C,6.644,2024-05-20,2,5.524,0.0001,1,0.0001,9.0,-7.0,-16.0,-16.0
10007255,510500C2405A06750,2024-05-22,2024-05,C,6.644,2024-05-21,1,5.484,0.0001,2,0.0001,9.0,-7.0,-16.0,-16.0
10007255,510500C2405A06750,2024-05-22,2024-05,C,6.644,2024-05-22,0,5.478,0.0001,3,0.0001,9.0,-7.0,-16.0,-16.0
10007257,510500C2409A06750,2024-09-25,2024-09,C,6.644,2024-09-23,2,4.567,0.0001,1,0.0002,10.0,-7.0,-17.0,-8.5
10007257,510500C2409A06750,2024-09-25,2024-09,C,6.644,2024-09-24,1,4.779,0.0001,2,0.0002,10.0,-7.0,-17.0,-8.5
10007257,510500C2409A06750,2024-09-25,2024-09,C,6.644,2024-09-25,0,4.813,0.0001,3,0.0002,10.0,-7.0,-17.0,-8.5
10007259,510500C2412A06750,2024-12-25,2024-12,C,6.644,2024-12-23,2,5.915,0.0002,1,0.0006,14.0,-6.0,-20.0,-3.33
10007259,510500C2412A06750,2024-12-25,2024-12,C,6.644,2024-12-24,1,5.982,0.0002,2,0.0006,14.0,-6.0,-20.0,-3.33
10007259,510500C2412A06750,2024-12-25,2024-12,C,6.644,2024-12-25,0,5.932,0.0001,3,0.0006,14.0,-7.0,-21.0,-3.5
10007265,510500C2405M05500,2024-05-22,2024-05,C,5.5,2024-05-20,2,5.524,0.0435,1,0.044,448.0,427.0,-21.0,-0.05
10007265,510500C2405M05500,2024-05-22,2024-05,C,5.5,2024-05-21,1,5.484,0.0123,2,0.044,448.0,115.0,-333.0,-0.76
10007265,510500C2405M05500,2024-05-22,2024-05,C,5.5,2024-05-22,0,5.478,0.0001,3,0.044,448.0,-7.0,-455.0,-1.03
10007266,510500C2405M05750,2024-05-22,2024-05,C,5.75,2024-05-20,2,5.524,0.0004,1,0.0008,16.0,-4.0,-20.0,-2.5
10007266,510500C2405M05750,2024-05-22,2024-05,C,5.75,2024-05-21,1,5.484,0.0004,2,0.0008,16.0,-4.0,-20.0,-2.5
10007266,510500C2405M05750,2024-05-22,2024-05,C,5.75,2024-05-22,0,5.478,0.0001,3,0.0008,16.0,-7.0,-23.0,-2.88
10007267,510500C2405M06000,2024-05-22,2024-05,C,6.0,2024-05-20,2,5.524,0.0002,1,0.0002,10.0,-6.0,-16.0,-8.0
10007267,510500C2405M06000,2024-05-22,2024-05,C,6.0,2024-05-21,1,5.484,0.0001,2,0.0002,10.0,-7.0,-17.0,-8.5
10007267,510500C2405M06000,2024-05-22,2024-05,C,6.0,2024-05-22,0,5.478,0.0001,3,0.0002,10.0,-7.0,-17.0,-8.5
10007268,510500C2405M06250,2024-05-22,2024-05,C,6.25,2024-05-20,2,5.524,0.0001,1,0.0002,10.0,-7.0,-17.0,-8.5
10007268,510500C2405M06250,2024-05-22,2024-05,C,6.25,2024-05-21,1,5.484,0.0001,2,0.0002,10.0,-7.0,-17.0,-8.5
10007268,510500C2405M06250,2024-05-22,2024-05,C,6.25,2024-05-22,0,5.478,0.0001,3,0.0002,10.0,-7.0,-17.0,-8.5
10007269,510500C2405M06500,2024-05-22,2024-05,C,6.5,2024-05-20,2,5.524,0.0001,1,0.0001,9.0,-7.0,-16.0,-16.0
10007269,510500C2405M06500,2024-05-22,2024-05,C,6.5,2024-05-21,1,5.484,0.0001,2,0.0001,9.0,-7.0,-16.0,-16.0
10007269,510500C2405M06500,2024-05-22,2024-05,C,6.5,2024-05-22,0,5.478,0.0001,3,0.0001,9.0,-7.0,-16.0,-16.0
10007270,510500P2405M04800,2024-05-22,2024-05,P,4.8,2024-05-20,2,5.524,0.0001,1,0.0002,10.0,-7.0,-17.0,-8.5
10007270,510500P2405M04800,2024-05-22,2024-05,P,4.8,2024-05-21,1,5.484,0.0001,2,0.0002,10.0,-7.0,-17.0,-8.5
10007270,510500P2405M04800,2024-05-22,2024-05,P,4.8,2024-05-22,0,5.478,0.0001,3,0.0002,10.0,-7.0,-17.0,-8.5
10007271,510500P2405M04900,2024-05-22,2024-05,P,4.9,2024-05-20,2,5.524,0.0001,1,0.0002,10.0,-7.0,-17.0,-8.5
10007271,510500P2405M04900,2024-05-22,2024-05,P,4.9,2024-05-21,1,5.484,0.0001,2,0.0002,10.0,-7.0,-17.0,-8.5
10007271,510500P2405M04900,2024-05-22,2024-05,P,4.9,2024-05-22,0,5.478,0.0001,3,0.0002,10.0,-7.0,-17.0,-8.5
10007272,510500P2405M05000,2024-05-22,2024-05,P,5.0,2024-05-20,2,5.524,0.0002,1,0.0003,11.0,-6.0,-17.0,-5.67
10007272,510500P2405M05000,2024-05-22,2024-05,P,5.0,2024-05-21,1,5.484,0.0001,2,0.0003,11.0,-7.0,-18.0,-6.0
10007272,510500P2405M05000,2024-05-22,2024-05,P,5.0,2024-05-22,0,5.478,0.0001,3,0.0003,11.0,-7.0,-18.0,-6.0
10007273,510500P2405M05250,2024-05-22,2024-05,P,5.25,2024-05-20,2,5.524,0.0004,1,0.0013,21.0,-4.0,-25.0,-1.92
10007273,510500P2405M05250,2024-05-22,2024-05,P,5.25,2024-05-21,1,5.484,0.0002,2,0.0013,21.0,-6.0,-27.0,-2.08
10007273,510500P2405M05250,2024-05-22,2024-05,P,5.25,2024-05-22,0,5.478,0.0001,3,0.0013,21.0,-7.0,-28.0,-2.15
10007274,510500P2405M05500,2024-05-22,2024-05,P,5.5,2024-05-20,2,5.524,0.0235,1,0.0388,396.0,227.0,-169.0,-0.44
10007274,510500P2405M05500,2024-05-22,2024-05,P,5.5,2024-05-21,1,5.484,0.0325,2,0.0388,396.0,317.0,-79.0,-0.2
10007274,510500P2405M05500,2024-05-22,2024-05,P,5.5,2024-05-22,0,5.478,0.0099,3,0.0388,396.0,91.0,-305.0,-0.79
10007282,510500C2406M05250,2024-06-26,2024-06,C,5.25,2024-06-24,2,5.047,0.001,1,0.0055,63.0,2.0,-61.0,-1.11
10007282,510500C2406M05250,2024-06-26,2024-06,C,5.25,2024-06-25,1,5.003,0.0002,2,0.0055,63.0,-6.0,-69.0,-1.25
10007282,510500C2406M05250,2024-06-26,2024-06,C,5.25,2024-06-26,0,5.072,0.0001,3,0.0055,63.0,-7.0,-70.0,-1.27
10007283,510500C2406M05500,2024-06-26,2024-06,C,5.5,2024-06-24,2,5.047,0.0002,1,0.0002,10.0,-6.0,-16.0,-8.0
10007283,510500C2406M05500,2024-06-26,2024-06,C,5.5,2024-06-25,1,5.003,0.0001,2,0.0002,10.0,-7.0,-17.0,-8.5
10007283,510500C2406M05500,2024-06-26,2024-06,C,5.5,2024-06-26,0,5.072,0.0001,3,0.0002,10.0,-7.0,-17.0,-8.5
10007284,510500C2406M05750,2024-06-26,2024-06,C,5.75,2024-06-24,2,5.047,0.0002,1,0.0003,11.0,-6.0,-17.0,-5.67
10007284,510500C2406M05750,2024-06-26,2024-06,C,5.75,2024-06-25,1,5.003,0.0001,2,0.0003,11.0,-7.0,-18.0,-6.0
10007284,510500C2406M05750,2024-06-26,2024-06,C,5.75,2024-06-26,0,5.072,0.0001,3,0.0003,11.0,-7.0,-18.0,-6.0
10007285,510500C2406M06000,2024-06-26,2024-06,C,6.0,2024-06-24,2,5.047,0.0002,1,0.0003,11.0,-6.0,-17.0,-5.67
10007285,510500C2406M06000,2024-06-26,2024-06,C,6.0,2024-06-25,1,5.003,0.0002,2,0.0003,11.0,-6.0,-17.0,-5.67
10007285,510500C2406M06000,2024-06-26,2024-06,C,6.0,2024-06-26,0,5.072,0.0001,3,0.0003,11.0,-7.0,-18.0,-6.0
10007286,510500C2406M06250,2024-06-26,2024-06,C,6.25,2024-06-24,2,5.047,0.0002,1,0.0002,10.0,-6.0,-16.0,-8.0
10007286,510500C2406M06250,2024-06-26,2024-06,C,6.25,2024-06-25,1,5.003,0.0002,2,0.0002,10.0,-6.0,-16.0,-8.0
10007286,510500C2406M06250,2024-06-26,2024-06,C,6.25,2024-06-26,0,5.072,0.0001,3,0.0002,10.0,-7.0,-17.0,-8.5
10007287,510500C2406M06500,2024-06-26,2024-06,C,6.5,2024-06-24,2,5.047,0.0002,1,0.0002,10.0,-6.0,-16.0,-8.0
10007287,510500C2406M06500,2024-06-26,2024-06,C,6.5,2024-06-25,1,5.003,0.0001,2,0.0002,10.0,-7.0,-17.0,-8.5
10007287,510500C2406M06500,2024-06-26,2024-06,C,6.5,2024-06-26,0,5.072,0.0002,3,0.0002,10.0,-6.0,-16.0,-8.0
10007288,510500P2406M04800,2024-06-26,2024-06,P,4.8,2024-06-24,2,5.047,0.0003,1,0.0003,11.0,-5.0,-16.0,-5.33
10007288,510500P2406M04800,2024-06-26,2024-06,P,4.8,2024-06-25,1,5.003,0.0002,2,0.0003,11.0,-6.0,-17.0,-5.67
10007288,510500P2406M04800,2024-06-26,2024-06,P,4.8,2024-06-26,0,5.072,0.0001,3,0.0003,11.0,-7.0,-18.0,-6.0
10007289,510500P2406M04900,2024-06-26,2024-06,P,4.9,2024-06-24,2,5.047,0.0025,1,0.0007,15.0,17.0,2.0,0.29
10007289,510500P2406M04900,2024-06-26,2024-06,P,4.9,2024-06-25,1,5.003,0.0019,2,0.0007,15.0,11.0,-4.0,-0.57
10007289,510500P2406M04900,2024-06-26,2024-06,P,4.9,2024-06-26,0,5.072,0.0001,3,0.0007,15.0,-7.0,-22.0,-3.14
10007290,510500P2406M05000,2024-06-26,2024-06,P,5.0,2024-06-24,2,5.047,0.0146,1,0.0035,43.0,138.0,95.0,2.71
10007290,510500P2406M05000,2024-06-26,2024-06,P,5.0,2024-06-25,1,5.003,0.0225,2,0.0035,43.0,217.0,174.0,4.97
10007290,510500P2406M05000,2024-06-26,2024-06,P,5.0,2024-06-26,0,5.072,0.0001,3,0.0035,43.0,-7.0,-50.0,-1.43
10007297,510500C2409M04800,2024-09-25,2024-09,C,4.8,2024-09-23,2,4.567,0.0002,1,0.0012,20.0,-6.0,-26.0,-2.17
10007297,510500C2409M04800,2024-09-25,2024-09,C,4.8,2024-09-24,1,4.779,0.019,2,0.0012,20.0,182.0,162.0,13.5
10007297,510500C2409M04800,2024-09-25,2024-09,C,4.8,2024-09-25,0,4.813,0.0105,3,0.0012,20.0,97.0,77.0,6.42
10007298,510500C2409M04900,2024-09-25,2024-09,C,4.9,2024-09-23,2,4.567,0.0002,1,0.0006,14.0,-6.0,-20.0,-3.33
10007298,510500C2409M04900,2024-09-25,2024-09,C,4.9,2024-09-24,1,4.779,0.0036,2,0.0006,14.0,28.0,14.0,2.33
10007298,510500C2409M04900,2024-09-25,2024-09,C,4.9,2024-09-25,0,4.813,0.0001,3,0.0006,14.0,-7.0,-21.0,-3.5
10007299,510500C2409M05000,2024-09-25,2024-09,C,5.0,2024-09-23,2,4.567,0.0002,1,0.0003,11.0,-6.0,-17.0,-5.67
10007299,510500C2409M05000,2024-09-25,2024-09,C,5.0,2024-09-24,1,4.779,0.0005,2,0.0003,11.0,-3.0,-14.0,-4.67
10007299,510500C2409M05000,2024-09-25,2024-09,C,5.0,2024-09-25,0,4.813,0.0001,3,0.0003,11.0,-7.0,-18.0,-6.0
10007300,510500C2409M05250,2024-09-25,2024-09,C,5.25,2024-09-23,2,4.567,0.0001,1,0.0001,9.0,-7.0,-16.0,-16.0
10007300,510500C2409M05250,2024-09-25,2024-09,C,5.25,2024-09-24,1,4.779,0.0002,2,0.0001,9.0,-6.0,-15.0,-15.0
10007300,510500C2409M05250,2024-09-25,2024-09,C,5.25,2024-09-25,0,4.813,0.0001,3,0.0001,9.0,-7.0,-16.0,-16.0
10007301,510500C2409M05500,2024-09-25,2024-09,C,5.5,2024-09-23,2,4.567,0.0002,1,0.0002,10.0,-6.0,-16.0,-8.0
10007301,510500C2409M05500,2024-09-25,2024-09,C,5.5,2024-09-24,1,4.779,0.0002,2,0.0002,10.0,-6.0,-16.0,-8.0
10007301,510500C2409M05500,2024-09-25,2024-09,C,5.5,2024-09-25,0,4.813,0.0001,3,0.0002,10.0,-7.0,-17.0,-8.5
10007302,510500C2409M05750,2024-09-25,2024-09,C,5.75,2024-09-23,2,4.567,0.0001,1,0.0002,10.0,-7.0,-17.0,-8.5
10007302,510500C2409M05750,2024-09-25,2024-09,C,5.75,2024-09-24,1,4.779,0.0002,2,0.0002,10.0,-6.0,-16.0,-8.0
10007302,510500C2409M05750,2024-09-25,2024-09,C,5.75,2024-09-25,0,4.813,0.0002,3,0.0002,10.0,-6.0,-16.0,-8.0
10007303,510500C2409M06000,2024-09-25,2024-09,C,6.0,2024-09-23,2,4.567,0.0002,1,0.0001,9.0,-6.0,-15.0,-15.0
10007303,510500C2409M06000,2024-09-25,2024-09,C,6.0,2024-09-24,1,4.779,0.0002,2,0.0001,9.0,-6.0,-15.0,-15.0
10007303,510500C2409M06000,2024-09-25,2024-09,C,6.0,2024-09-25,0,4.813,0.0002,3,0.0001,9.0,-6.0,-15.0,-15.0
10007304,510500C2409M06250,2024-09-25,2024-09,C,6.25,2024-09-23,2,4.567,0.0001,1,0.0001,9.0,-7.0,-16.0,-16.0
10007304,510500C2409M06250,2024-09-25,2024-09,C,6.25,2024-09-24,1,4.779,0.0004,2,0.0001,9.0,-4.0,-13.0,-13.0
10007304,510500C2409M06250,2024-09-25,2024-09,C,6.25,2024-09-25,0,4.813,0.0001,3,0.0001,9.0,-7.0,-16.0,-16.0
10007305,510500C2409M06500,2024-09-25,2024-09,C,6.5,2024-09-23,2,4.567,0.0001,1,0.0002,10.0,-7.0,-17.0,-8.5
10007305,510500C2409M06500,2024-09-25,2024-09,C,6.5,2024-09-24,1,4.779,0.0002,2,0.0002,10.0,-6.0,-16.0,-8.0
10007305,510500C2409M06500,2024-09-25,2024-09,C,6.5,2024-09-25,0,4.813,0.0001,3,0.0002,10.0,-7.0,-17.0,-8.5
10007322,510500C2412M06250,2024-12-25,2024-12,C,6.25,2024-12-23,2,5.915,0.001,1,0.0045,53.0,2.0,-51.0,-1.13
10007322,510500C2412M06250,2024-12-25,2024-12,C,6.25,2024-12-24,1,5.982,0.0005,2,0.0045,53.0,-3.0,-56.0,-1.24
10007322,510500C2412M06250,2024-12-25,2024-12,C,6.25,2024-12-25,0,5.932,0.0001,3,0.0045,53.0,-7.0,-60.0,-1.33
10007323,510500C2412M06500,2024-12-25,2024-12,C,6.5,2024-12-23,2,5.915,0.0002,1,0.0006,14.0,-6.0,-20.0,-3.33
10007323,510500C2412M06500,2024-12-25,2024-12,C,6.5,2024-12-24,1,5.982,0.0001,2,0.0006,14.0,-7.0,-21.0,-3.5
10007323,510500C2412M06500,2024-12-25,2024-12,C,6.5,2024-12-25,0,5.932,0.0001,3,0.0006,14.0,-7.0,-21.0,-3.5
10007324,510500P2412M04800,2024-12-25,2024-12,P,4.8,2024-12-23,2,5.915,0.0002,1,0.0002,10.0,-6.0,-16.0,-8.0
10007324,510500P2412M04800,2024-12-25,2024-12,P,4.8,2024-12-24,1,5.982,0.0001,2,0.0002,10.0,-7.0,-17.0,-8.5
10007324,510500P2412M04800,2024-12-25,2024-12,P,4.8,2024-12-25,0,5.932,0.0001,3,0.0002,10.0,-7.0,-17.0,-8.5
10007325,510500P2412M04900,2024-12-25,2024-12,P,4.9,2024-12-23,2,5.915,0.0001,1,0.0002,10.0,-7.0,-17.0,-8.5
10007325,510500P2412M04900,2024-12-25,2024-12,P,4.9,2024-12-24,1,5.982,0.0001,2,0.0002,10.0,-7.0,-17.0,-8.5
10007325,510500P2412M04900,2024-12-25,2024-12,P,4.9,2024-12-25,0,5.932,0.0002,3,0.0002,10.0,-6.0,-16.0,-8.0
10007326,510500P2412M05000,2024-12-25,2024-12,P,5.0,2024-12-23,2,5.915,0.0002,1,0.0003,11.0,-6.0,-17.0,-5.67
10007326,510500P2412M05000,2024-12-25,2024-12,P,5.0,2024-12-24,1,5.982,0.0001,2,0.0003,11.0,-7.0,-18.0,-6.0
10007326,510500P2412M05000,2024-12-25,2024-12,P,5.0,2024-12-25,0,5.932,0.0001,3,0.0003,11.0,-7.0,-18.0,-6.0
10007327,510500P2412M05250,2024-12-25,2024-12,P,5.25,2024-12-23,2,5.915,0.0004,1,0.0004,12.0,-4.0,-16.0,-4.0
10007327,510500P2412M05250,2024-12-25,2024-12,P,5.25,2024-12-24,1,5.982,0.0002,2,0.0004,12.0,-6.0,-18.0,-4.5
10007327,510500P2412M05250,2024-12-25,2024-12,P,5.25,2024-12-25,0,5.932,0.0001,3,0.0004,12.0,-7.0,-19.0,-4.75
10007328,510500P2412M05500,2024-12-25,2024-12,P,5.5,2024-12-23,2,5.915,0.0012,1,0.0009,17.0,4.0,-13.0,-1.44
10007328,510500P2412M05500,2024-12-25,2024-12,P,5.5,2024-12-24,1,5.982,0.0002,2,0.0009,17.0,-6.0,-23.0,-2.56
10007328,510500P2412M05500,2024-12-25,2024-12,P,5.5,2024-12-25,0,5.932,0.0001,3,0.0009,17.0,-7.0,-24.0,-2.67
10007329,510500P2412M05750,2024-12-25,2024-12,P,5.75,2024-12-23,2,5.915,0.0087,1,0.0034,42.0,79.0,37.0,1.09
10007329,510500P2412M05750,2024-12-25,2024-12,P,5.75,2024-12-24,1,5.982,0.0007,2,0.0034,42.0,-1.0,-43.0,-1.26
10007329,510500P2412M05750,2024-12-25,2024-12,P,5.75,2024-12-25,0,5.932,0.0001,3,0.0034,42.0,-7.0,-49.0,-1.44
10007371,510500C2407M05000,2024-07-24,2024-07,C,5.0,2024-07-22,2,4.934,0.0079,1,0.0188,196.0,71.0,-125.0,-0.66
10007371,510500C2407M05000,2024-07-24,2024-07,C,5.0,2024-07-23,1,4.794,0.0004,2,0.0188,196.0,-4.0,-200.0,-1.06
10007371,510500C2407M05000,2024-07-24,2024-07,C,5.0,2024-07-24,0,4.737,0.0001,3,0.0188,196.0,-7.0,-203.0,-1.08
10007372,510500C2407M05250,2024-07-24,2024-07,C,5.25,2024-07-22,2,4.934,0.0002,1,0.0009,17.0,-6.0,-23.0,-2.56
10007372,510500C2407M05250,2024-07-24,2024-07,C,5.25,2024-07-23,1,4.794,0.0002,2,0.0009,17.0,-6.0,-23.0,-2.56
10007372,510500C2407M05250,2024-07-24,2024-07,C,5.25,2024-07-24,0,4.737,0.0001,3,0.0009,17.0,-7.0,-24.0,-2.67
10007373,510500C2407M05500,2024-07-24,2024-07,C,5.5,2024-07-22,2,4.934,0.0002,1,0.0002,10.0,-6.0,-16.0,-8.0
10007373,510500C2407M05500,2024-07-24,2024-07,C,5.5,2024-07-23,1,4.794,0.0001,2,0.0002,10.0,-7.0,-17.0,-8.5
10007373,510500C2407M05500,2024-07-24,2024-07,C,5.5,2024-07-24,0,4.737,0.0001,3,0.0002,10.0,-7.0,-17.0,-8.5
10007374,510500C2407M05750,2024-07-24,2024-07,C,5.75,2024-07-22,2,4.934,0.0001,1,0.0001,9.0,-7.0,-16.0,-16.0
10007374,510500C2407M05750,2024-07-24,2024-07,C,5.75,2024-07-23,1,4.794,0.0001,2,0.0001,9.0,-7.0,-16.0,-16.0
10007374,510500C2407M05750,2024-07-24,2024-07,C,5.75,2024-07-24,0,4.737,0.0001,3,0.0001,9.0,-7.0,-16.0,-16.0
10007375,510500C2407M06000,2024-07-24,2024-07,C,6.0,2024-07-22,2,4.934,0.0001,1,0.0002,10.0,-7.0,-17.0,-8.5
10007375,510500C2407M06000,2024-07-24,2024-07,C,6.0,2024-07-23,1,4.794,0.0001,2,0.0002,10.0,-7.0,-17.0,-8.5
10007375,510500C2407M06000,2024-07-24,2024-07,C,6.0,2024-07-24,0,4.737,0.0001,3,0.0002,10.0,-7.0,-17.0,-8.5
10007376,510500C2407M06250,2024-07-24,2024-07,C,6.25,2024-07-22,2,4.934,0.0001,1,0.0001,9.0,-7.0,-16.0,-16.0
10007376,510500C2407M06250,2024-07-24,2024-07,C,6.25,2024-07-23,1,4.794,0.0001,2,0.0001,9.0,-7.0,-16.0,-16.0
10007376,510500C2407M06250,2024-07-24,2024-07,C,6.25,2024-07-24,0,4.737,0.0001,3,0.0001,9.0,-7.0,-16.0,-16.0
10007377,510500C2407M06500,2024-07-24,2024-07,C,6.5,2024-07-22,2,4.934,0.0001,1,0.0001,9.0,-7.0,-16.0,-16.0
10007377,510500C2407M06500,2024-07-24,2024-07,C,6.5,2024-07-23,1,4.794,0.0001,2,0.0001,9.0,-7.0,-16.0,-16.0
10007377,510500C2407M06500,2024-07-24,2024-07,C,6.5,2024-07-24,0,4.737,0.0001,3,0.0001,9.0,-7.0,-16.0,-16.0
10007378,510500P2407M04800,2024-07-24,2024-07,P,4.8,2024-07-22,2,4.934,0.0023,1,0.0054,62.0,15.0,-47.0,-0.87
10007378,510500P2407M04800,2024-07-24,2024-07,P,4.8,2024-07-23,1,4.794,0.0298,2,0.0054,62.0,290.0,228.0,4.22
10007378,510500P2407M04800,2024-07-24,2024-07,P,4.8,2024-07-24,0,4.737,0.075,3,0.0054,62.0,742.0,680.0,12.59
10007379,510500P2407M04900,2024-07-24,2024-07,P,4.9,2024-07-22,2,4.934,0.0201,1,0.025,258.0,193.0,-65.0,-0.26
10007379,510500P2407M04900,2024-07-24,2024-07,P,4.9,2024-07-23,1,4.794,0.1118,2,0.025,258.0,1110.0,852.0,3.41
10007379,510500P2407M04900,2024-07-24,2024-07,P,4.9,2024-07-24,0,4.737,0.1811,3,0.025,258.0,1803.0,1545.0,6.18
10007428,510500P2406M04700,2024-06-26,2024-06,P,4.7,2024-06-24,2,5.047,0.0002,1,0.0001,9.0,-6.0,-15.0,-15.0
10007428,510500P2406M04700,2024-06-26,2024-06,P,4.7,2024-06-25,1,5.003,0.0001,2,0.0001,9.0,-7.0,-16.0,-16.0
10007428,510500P2406M04700,2024-06-26,2024-06,P,4.7,2024-06-26,0,5.072,0.0001,3,0.0001,9.0,-7.0,-16.0,-16.0
10007430,510500P2407M04700,2024-07-24,2024-07,P,4.7,2024-07-22,2,4.934,0.0005,1,0.0012,20.0,-3.0,-23.0,-1.92
10007430,510500P2407M04700,2024-07-24,2024-07,P,4.7,2024-07-23,1,4.794,0.0025,2,0.0012,20.0,17.0,-3.0,-0.25
10007430,510500P2407M04700,2024-07-24,2024-07,P,4.7,2024-07-24,0,4.737,0.0001,3,0.0012,20.0,-7.0,-27.0,-2.25
10007431,510500C2409M04700,2024-09-25,2024-09,C,4.7,2024-09-23,2,4.567,0.0018,1,0.0053,61.0,10.0,-51.0,-0.96
10007431,510500C2409M04700,2024-09-25,2024-09,C,4.7,2024-09-24,1,4.779,0.0818,2,0.0053,61.0,810.0,749.0,14.13
10007431,510500C2409M04700,2024-09-25,2024-09,C,4.7,2024-09-25,0,4.813,0.119,3,0.0053,61.0,1182.0,1121.0,21.15
10007434,510500P2412M04700,2024-12-25,2024-12,P,4.7,2024-12-23,2,5.915,0.0002,1,0.0001,9.0,-6.0,-15.0,-15.0
10007434,510500P2412M04700,2024-12-25,2024-12,P,4.7,2024-12-24,1,5.982,0.0001,2,0.0001,9.0,-7.0,-16.0,-16.0
10007434,510500P2412M04700,2024-12-25,2024-12,P,4.7,2024-12-25,0,5.932,0.0001,3,0.0001,9.0,-7.0,-16.0,-16.0
10007444,510500P2406M04600,2024-06-26,2024-06,P,4.6,2024-06-26,0,5.072,0.0001,1,0.0001,9.0,-7.0,-16.0,-16.0
10007446,510500P2407M04600,2024-07-24,2024-07,P,4.6,2024-07-22,2,4.934,0.0002,1,0.0005,13.0,-6.0,-19.0,-3.8
10007446,510500P2407M04600,2024-07-24,2024-07,P,4.6,2024-07-23,1,4.794,0.0003,2,0.0005,13.0,-5.0,-18.0,-3.6
10007446,510500P2407M04600,2024-07-24,2024-07,P,4.6,2024-07-24,0,4.737,0.0001,3,0.0005,13.0,-7.0,-20.0,-4.0
10007447,510500C2409M04600,2024-09-25,2024-09,C,4.6,2024-09-23,2,4.567,0.0142,1,0.0253,261.0,134.0,-127.0,-0.5
10007447,510500C2409M04600,2024-09-25,2024-09,C,4.6,2024-09-24,1,4.779,0.1811,2,0.0253,261.0,1803.0,1542.0,6.09
10007447,510500C2409M04600,2024-09-25,2024-09,C,4.6,2024-09-25,0,4.813,0.2156,3,0.0253,261.0,2148.0,1887.0,7.46
10007450,510500P2412M04600,2024-12-25,2024-12,P,4.6,2024-12-23,2,5.915,0.0002,1,0.0001,9.0,-6.0,-15.0,-15.0
10007450,510500P2412M04600,2024-12-25,2024-12,P,4.6,2024-12-24,1,5.982,0.0001,2,0.0001,9.0,-7.0,-16.0,-16.0
10007450,510500P2412M04600,2024-12-25,2024-12,P,4.6,2024-12-25,0,5.932,0.0001,3,0.0001,9.0,-7.0,-16.0,-16.0
10007487,510500C2408M04600,2024-08-28,2024-08,C,4.6,2024-08-26,2,4.613,0.035,1,0.0377,385.0,342.0,-43.0,-0.11
10007487,510500C2408M04600,2024-08-28,2024-08,C,4.6,2024-08-27,1,4.567,0.0073,2,0.0377,385.0,65.0,-320.0,-0.85
10007487,510500C2408M04600,2024-08-28,2024-08,C,4.6,2024-08-28,0,4.568,0.0001,3,0.0377,385.0,-7.0,-392.0,-1.04
10007488,510500C2408M04700,2024-08-28,2024-08,C,4.7,2024-08-26,2,4.613,0.005,1,0.0069,77.0,42.0,-35.0,-0.51
10007488,510500C2408M04700,2024-08-28,2024-08,C,4.7,2024-08-27,1,4.567,0.0004,2,0.0069,77.0,-4.0,-81.0,-1.17
10007488,510500C2408M04700,2024-08-28,2024-08,C,4.7,2024-08-28,0,4.568,0.0001,3,0.0069,77.0,-7.0,-84.0,-1.22
10007489,510500C2408M04800,2024-08-28,2024-08,C,4.8,2024-08-26,2,4.613,0.0011,1,0.0013,21.0,3.0,-18.0,-1.38
10007489,510500C2408M04800,2024-08-28,2024-08,C,4.8,2024-08-27,1,4.567,0.0002,2,0.0013,21.0,-6.0,-27.0,-2.08
10007489,510500C2408M04800,2024-08-28,2024-08,C,4.8,2024-08-28,0,4.568,0.0001,3,0.0013,21.0,-7.0,-28.0,-2.15
10007490,510500C2408M04900,2024-08-28,2024-08,C,4.9,2024-08-26,2,4.613,0.0004,1,0.0007,15.0,-4.0,-19.0,-2.71
10007490,510500C2408M04900,2024-08-28,2024-08,C,4.9,2024-08-27,1,4.567,0.0002,2,0.0007,15.0,-6.0,-21.0,-3.0
10007490,510500C2408M04900,2024-08-28,2024-08,C,4.9,2024-08-28,0,4.568,0.0001,3,0.0007,15.0,-7.0,-22.0,-3.14
10007491,510500C2408M05000,2024-08-28,2024-08,C,5.0,2024-08-26,2,4.613,0.0003,1,0.0005,13.0,-5.0,-18.0,-3.6
10007491,510500C2408M05000,2024-08-28,2024-08,C,5.0,2024-08-27,1,4.567,0.0001,2,0.0005,13.0,-7.0,-20.0,-4.0
10007491,510500C2408M05000,2024-08-28,2024-08,C,5.0,2024-08-28,0,4.568,0.0001,3,0.0005,13.0,-7.0,-20.0,-4.0
10007492,510500C2408M05250,2024-08-28,2024-08,C,5.25,2024-08-26,2,4.613,0.0002,1,0.0003,11.0,-6.0,-17.0,-5.67
10007492,510500C2408M05250,2024-08-28,2024-08,C,5.25,2024-08-27,1,4.567,0.0001,2,0.0003,11.0,-7.0,-18.0,-6.0
10007492,510500C2408M05250,2024-08-28,2024-08,C,5.25,2024-08-28,0,4.568,0.0001,3,0.0003,11.0,-7.0,-18.0,-6.0
10007493,510500C2408M05500,2024-08-28,2024-08,C,5.5,2024-08-26,2,4.613,0.0001,1,0.0002,10.0,-7.0,-17.0,-8.5
10007493,510500C2408M05500,2024-08-28,2024-08,C,5.5,2024-08-27,1,4.567,0.0001,2,0.0002,10.0,-7.0,-17.0,-8.5
10007493,510500C2408M05500,2024-08-28,2024-08,C,5.5,2024-08-28,0,4.568,0.0001,3,0.0002,10.0,-7.0,-17.0,-8.5
10007494,510500C2408M05750,2024-08-28,2024-08,C,5.75,2024-08-26,2,4.613,0.0001,1,0.0002,10.0,-7.0,-17.0,-8.5
10007494,510500C2408M05750,2024-08-28,2024-08,C,5.75,2024-08-27,1,4.567,0.0001,2,0.0002,10.0,-7.0,-17.0,-8.5
10007494,510500C2408M05750,2024-08-28,2024-08,C,5.75,2024-08-28,0,4.568,0.0001,3,0.0002,10.0,-7.0,-17.0,-8.5
10007495,510500C2408M06000,2024-08-28,2024-08,C,6.0,2024-08-26,2,4.613,0.0001,1,0.0002,10.0,-7.0,-17.0,-8.5
10007495,510500C2408M06000,2024-08-28,2024-08,C,6.0,2024-08-27,1,4.567,0.0001,2,0.0002,10.0,-7.0,-17.0,-8.5
10007495,510500C2408M06000,2024-08-28,2024-08,C,6.0,2024-08-28,0,4.568,0.0001,3,0.0002,10.0,-7.0,-17.0,-8.5
10007496,510500P2408M04600,2024-08-28,2024-08,P,4.6,2024-08-26,2,4.613,0.0239,1,0.03,308.0,231.0,-77.0,-0.26
10007496,510500P2408M04600,2024-08-28,2024-08,P,4.6,2024-08-27,1,4.567,0.0383,2,0.03,308.0,375.0,67.0,0.22
10007496,510500P2408M04600,2024-08-28,2024-08,P,4.6,2024-08-28,0,4.568,0.027,3,0.03,308.0,262.0,-46.0,-0.15
10007548,510500P2407M04500,2024-07-24,2024-07,P,4.5,2024-07-22,2,4.934,0.0002,1,0.0002,10.0,-6.0,-16.0,-8.0
10007548,510500P2407M04500,2024-07-24,2024-07,P,4.5,2024-07-23,1,4.794,0.0001,2,0.0002,10.0,-7.0,-17.0,-8.5
10007548,510500P2407M04500,2024-07-24,2024-07,P,4.5,2024-07-24,0,4.737,0.0001,3,0.0002,10.0,-7.0,-17.0,-8.5
10007550,510500P2408M04500,2024-08-28,2024-08,P,4.5,2024-08-26,2,4.613,0.0036,1,0.0063,71.0,28.0,-43.0,-0.68
10007550,510500P2408M04500,2024-08-28,2024-08,P,4.5,2024-08-27,1,4.567,0.0031,2,0.0063,71.0,23.0,-48.0,-0.76
10007550,510500P2408M04500,2024-08-28,2024-08,P,4.5,2024-08-28,0,4.568,0.0001,3,0.0063,71.0,-7.0,-78.0,-1.24
10007552,510500P2409M04500,2024-09-25,2024-09,P,4.5,2024-09-23,2,4.567,0.0083,1,0.0144,152.0,75.0,-77.0,-0.53
10007552,510500P2409M04500,2024-09-25,2024-09,P,4.5,2024-09-24,1,4.779,0.0002,2,0.0144,152.0,-6.0,-158.0,-1.1
10007552,510500P2409M04500,2024-09-25,2024-09,P,4.5,2024-09-25,0,4.813,0.0001,3,0.0144,152.0,-7.0,-159.0,-1.1
10007554,510500P2412M04500,2024-12-25,2024-12,P,4.5,2024-12-23,2,5.915,0.0002,1,0.0001,9.0,-6.0,-15.0,-15.0
10007554,510500P2412M04500,2024-12-25,2024-12,P,4.5,2024-12-24,1,5.982,0.0001,2,0.0001,9.0,-7.0,-16.0,-16.0
10007554,510500P2412M04500,2024-12-25,2024-12,P,4.5,2024-12-25,0,5.932,0.0001,3,0.0001,9.0,-7.0,-16.0,-16.0
10007574,510500P2407M04400,2024-07-24,2024-07,P,4.4,2024-07-22,2,4.934,0.0001,1,0.0001,9.0,-7.0,-16.0,-16.0
10007574,510500P2407M04400,2024-07-24,2024-07,P,4.4,2024-07-23,1,4.794,0.0001,2,0.0001,9.0,-7.0,-16.0,-16.0
10007574,510500P2407M04400,2024-07-24,2024-07,P,4.4,2024-07-24,0,4.737,0.0001,3,0.0001,9.0,-7.0,-16.0,-16.0
10007576,510500P2408M04400,2024-08-28,2024-08,P,4.4,2024-08-26,2,4.613,0.0006,1,0.0016,24.0,-2.0,-26.0,-1.62
10007576,510500P2408M04400,2024-08-28,2024-08,P,4.4,2024-08-27,1,4.567,0.0003,2,0.0016,24.0,-5.0,-29.0,-1.81
10007576,510500P2408M04400,2024-08-28,2024-08,P,4.4,2024-08-28,0,4.568,0.0001,3,0.0016,24.0,-7.0,-31.0,-1.94
10007578,510500P2409M04400,2024-09-25,2024-09,P,4.4,2024-09-23,2,4.567,0.0009,1,0.0021,29.0,1.0,-28.0,-1.33
10007578,510500P2409M04400,2024-09-25,2024-09,P,4.4,2024-09-24,1,4.779,0.0003,2,0.0021,29.0,-5.0,-34.0,-1.62
10007578,510500P2409M04400,2024-09-25,2024-09,P,4.4,2024-09-25,0,4.813,0.0001,3,0.0021,29.0,-7.0,-36.0,-1.71
10007580,510500P2412M04400,2024-12-25,2024-12,P,4.4,2024-12-23,2,5.915,0.0001,1,0.0002,10.0,-7.0,-17.0,-8.5
10007580,510500P2412M04400,2024-12-25,2024-12,P,4.4,2024-12-24,1,5.982,0.0001,2,0.0002,10.0,-7.0,-17.0,-8.5
10007580,510500P2412M04400,2024-12-25,2024-12,P,4.4,2024-12-25,0,5.932,0.0001,3,0.0002,10.0,-7.0,-17.0,-8.5
10007590,510500P2408M04300,2024-08-28,2024-08,P,4.3,2024-08-26,2,4.613,0.0003,1,0.0005,13.0,-5.0,-18.0,-3.6
10007590,510500P2408M04300,2024-08-28,2024-08,P,4.3,2024-08-27,1,4.567,0.0001,2,0.0005,13.0,-7.0,-20.0,-4.0
10007590,510500P2408M04300,2024-08-28,2024-08,P,4.3,2024-08-28,0,4.568,0.0001,3,0.0005,13.0,-7.0,-20.0,-4.0
10007592,510500P2409M04300,2024-09-25,2024-09,P,4.3,2024-09-23,2,4.567,0.0003,1,0.0007,15.0,-5.0,-20.0,-2.86
10007592,510500P2409M04300,2024-09-25,2024-09,P,4.3,2024-09-24,1,4.779,0.0002,2,0.0007,15.0,-6.0,-21.0,-3.0
10007592,510500P2409M04300,2024-09-25,2024-09,P,4.3,2024-09-25,0,4.813,0.0002,3,0.0007,15.0,-6.0,-21.0,-3.0
10007594,510500P2412M04300,2024-12-25,2024-12,P,4.3,2024-12-23,2,5.915,0.0002,1,0.0001,9.0,-6.0,-15.0,-15.0
10007594,510500P2412M04300,2024-12-25,2024-12,P,4.3,2024-12-24,1,5.982,0.0001,2,0.0001,9.0,-7.0,-16.0,-16.0
10007594,510500P2412M04300,2024-12-25,2024-12,P,4.3,2024-12-25,0,5.932,0.0002,3,0.0001,9.0,-6.0,-15.0,-15.0
10007700,510500P2408M04200,2024-08-28,2024-08,P,4.2,2024-08-26,2,4.613,0.0001,1,0.0003,11.0,-7.0,-18.0,-6.0
10007700,510500P2408M04200,2024-08-28,2024-08,P,4.2,2024-08-27,1,4.567,0.0001,2,0.0003,11.0,-7.0,-18.0,-6.0
10007700,510500P2408M04200,2024-08-28,2024-08,P,4.2,2024-08-28,0,4.568,0.0001,3,0.0003,11.0,-7.0,-18.0,-6.0
10007702,510500P2409M04200,2024-09-25,2024-09,P,4.2,2024-09-23,2,4.567,0.0001,1,0.0003,11.0,-7.0,-18.0,-6.0
10007702,510500P2409M04200,2024-09-25,2024-09,P,4.2,2024-09-24,1,4.779,0.0002,2,0.0003,11.0,-6.0,-17.0,-5.67
10007702,510500P2409M04200,2024-09-25,2024-09,P,4.2,2024-09-25,0,4.813,0.0001,3,0.0003,11.0,-7.0,-18.0,-6.0
10007704,510500P2412M04200,2024-12-25,2024-12,P,4.2,2024-12-23,2,5.915,0.0002,1,0.0003,11.0,-6.0,-17.0,-5.67
10007704,510500P2412M04200,2024-12-25,2024-12,P,4.2,2024-12-24,1,5.982,0.0001,2,0.0003,11.0,-7.0,-18.0,-6.0
10007704,510500P2412M04200,2024-12-25,2024-12,P,4.2,2024-12-25,0,5.932,0.0001,3,0.0003,11.0,-7.0,-18.0,-6.0
10007754,510500P2410M04200,2024-10-23,2024-10,P,4.2,2024-10-21,2,5.793,0.0003,1,0.0008,16.0,-5.0,-21.0,-2.62
10007754,510500P2410M04200,2024-10-23,2024-10,P,4.2,2024-10-22,1,5.846,0.0002,2,0.0008,16.0,-6.0,-22.0,-2.75
10007754,510500P2410M04200,2024-10-23,2024-10,P,4.2,2024-10-23,0,5.869,0.0001,3,0.0008,16.0,-7.0,-23.0,-2.88
10007755,510500P2410M04300,2024-10-23,2024-10,P,4.3,2024-10-21,2,5.793,0.0002,1,0.0005,13.0,-6.0,-19.0,-3.8
10007755,510500P2410M04300,2024-10-23,2024-10,P,4.3,2024-10-22,1,5.846,0.0002,2,0.0005,13.0,-6.0,-19.0,-3.8
10007755,510500P2410M04300,2024-10-23,2024-10,P,4.3,2024-10-23,0,5.869,0.0001,3,0.0005,13.0,-7.0,-20.0,-4.0
10007756,510500P2410M04400,2024-10-23,2024-10,P,4.4,2024-10-21,2,5.793,0.0003,1,0.0005,13.0,-5.0,-18.0,-3.6
10007756,510500P2410M04400,2024-10-23,2024-10,P,4.4,2024-10-22,1,5.846,0.0002,2,0.0005,13.0,-6.0,-19.0,-3.8
10007756,510500P2410M04400,2024-10-23,2024-10,P,4.4,2024-10-23,0,5.869,0.0001,3,0.0005,13.0,-7.0,-20.0,-4.0
10007757,510500P2410M04500,2024-10-23,2024-10,P,4.5,2024-10-21,2,5.793,0.0004,1,0.0005,13.0,-4.0,-17.0,-3.4
10007757,510500P2410M04500,2024-10-23,2024-10,P,4.5,2024-10-22,1,5.846,0.0001,2,0.0005,13.0,-7.0,-20.0,-4.0
10007757,510500P2410M04500,2024-10-23,2024-10,P,4.5,2024-10-23,0,5.869,0.0001,3,0.0005,13.0,-7.0,-20.0,-4.0
10007758,510500P2410M04600,2024-10-23,2024-10,P,4.6,2024-10-21,2,5.793,0.0003,1,0.0004,12.0,-5.0,-17.0,-4.25
10007758,510500P2410M04600,2024-10-23,2024-10,P,4.6,2024-10-22,1,5.846,0.0001,2,0.0004,12.0,-7.0,-19.0,-4.75
10007758,510500P2410M04600,2024-10-23,2024-10,P,4.6,2024-10-23,0,5.869,0.0001,3,0.0004,12.0,-7.0,-19.0,-4.75
10007759,510500P2410M04700,2024-10-23,2024-10,P,4.7,2024-10-21,2,5.793,0.0004,1,0.0005,13.0,-4.0,-17.0,-3.4
10007759,510500P2410M04700,2024-10-23,2024-10,P,4.7,2024-10-22,1,5.846,0.0001,2,0.0005,13.0,-7.0,-20.0,-4.0
10007759,510500P2410M04700,2024-10-23,2024-10,P,4.7,2024-10-23,0,5.869,0.0001,3,0.0005,13.0,-7.0,-20.0,-4.0
10007760,510500P2410M04800,2024-10-23,2024-10,P,4.8,2024-10-21,2,5.793,0.0004,1,0.0007,15.0,-4.0,-19.0,-2.71
10007760,510500P2410M04800,2024-10-23,2024-10,P,4.8,2024-10-22,1,5.846,0.0001,2,0.0007,15.0,-7.0,-22.0,-3.14
10007760,510500P2410M04800,2024-10-23,2024-10,P,4.8,2024-10-23,0,5.869,0.0001,3,0.0007,15.0,-7.0,-22.0,-3.14
10007761,510500P2410M04900,2024-10-23,2024-10,P,4.9,2024-10-21,2,5.793,0.0005,1,0.0009,17.0,-3.0,-20.0,-2.22
10007761,510500P2410M04900,2024-10-23,2024-10,P,4.9,2024-10-22,1,5.846,0.0001,2,0.0009,17.0,-7.0,-24.0,-2.67
10007761,510500P2410M04900,2024-10-23,2024-10,P,4.9,2024-10-23,0,5.869,0.0001,3,0.0009,17.0,-7.0,-24.0,-2.67
10007762,510500P2410M05000,2024-10-23,2024-10,P,5.0,2024-10-21,2,5.793,0.0009,1,0.0015,23.0,1.0,-22.0,-1.47
10007762,510500P2410M05000,2024-10-23,2024-10,P,5.0,2024-10-22,1,5.846,0.0001,2,0.0015,23.0,-7.0,-30.0,-2.0
10007762,510500P2410M05000,2024-10-23,2024-10,P,5.0,2024-10-23,0,5.869,0.0001,3,0.0015,23.0,-7.0,-30.0,-2.0
10007808,510500P2410M05250,2024-10-23,2024-10,P,5.25,2024-10-21,2,5.793,0.0019,1,0.0039,47.0,11.0,-36.0,-0.92
10007808,510500P2410M05250,2024-10-23,2024-10,P,5.25,2024-10-22,1,5.846,0.0003,2,0.0039,47.0,-5.0,-52.0,-1.33
10007808,510500P2410M05250,2024-10-23,2024-10,P,5.25,2024-10-23,0,5.869,0.0001,3,0.0039,47.0,-7.0,-54.0,-1.38
10007838,510500P2409M04100,2024-09-25,2024-09,P,4.1,2024-09-23,2,4.567,0.0001,1,0.0001,9.0,-7.0,-16.0,-16.0
10007838,510500P2409M04100,2024-09-25,2024-09,P,4.1,2024-09-24,1,4.779,0.0002,2,0.0001,9.0,-6.0,-15.0,-15.0
10007838,510500P2409M04100,2024-09-25,2024-09,P,4.1,2024-09-25,0,4.813,0.0001,3,0.0001,9.0,-7.0,-16.0,-16.0
10007840,510500P2410M04100,2024-10-23,2024-10,P,4.1,2024-10-21,2,5.793,0.0002,1,0.0006,14.0,-6.0,-20.0,-3.33
10007840,510500P2410M04100,2024-10-23,2024-10,P,4.1,2024-10-22,1,5.846,0.0002,2,0.0006,14.0,-6.0,-20.0,-3.33
10007840,510500P2410M04100,2024-10-23,2024-10,P,4.1,2024-10-23,0,5.869,0.0001,3,0.0006,14.0,-7.0,-21.0,-3.5
10007842,510500P2412M04100,2024-12-25,2024-12,P,4.1,2024-12-23,2,5.915,0.0002,1,0.0003,11.0,-6.0,-17.0,-5.67
10007842,510500P2412M04100,2024-12-25,2024-12,P,4.1,2024-12-24,1,5.982,0.0001,2,0.0003,11.0,-7.0,-18.0,-6.0
10007842,510500P2412M04100,2024-12-25,2024-12,P,4.1,2024-12-25,0,5.932,0.0001,3,0.0003,11.0,-7.0,-18.0,-6.0
10007854,510500P2410M05500,2024-10-23,2024-10,P,5.5,2024-10-21,2,5.793,0.0099,1,0.0241,249.0,91.0,-158.0,-0.66
10007854,510500P2410M05500,2024-10-23,2024-10,P,5.5,2024-10-22,1,5.846,0.0013,2,0.0241,249.0,5.0,-244.0,-1.01
10007854,510500P2410M05500,2024-10-23,2024-10,P,5.5,2024-10-23,0,5.869,0.0001,3,0.0241,249.0,-7.0,-256.0,-1.06
10007906,510500P2411M04400,2024-11-27,2024-11,P,4.4,2024-11-25,2,5.825,0.0001,1,0.0004,12.0,-7.0,-19.0,-4.75
10007906,510500P2411M04400,2024-11-27,2024-11,P,4.4,2024-11-26,1,5.785,0.0001,2,0.0004,12.0,-7.0,-19.0,-4.75
10007906,510500P2411M04400,2024-11-27,2024-11,P,4.4,2024-11-27,0,5.896,0.0001,3,0.0004,12.0,-7.0,-19.0,-4.75
10007907,510500P2411M04500,2024-11-27,2024-11,P,4.5,2024-11-25,2,5.825,0.0003,1,0.0005,13.0,-5.0,-18.0,-3.6
10007907,510500P2411M04500,2024-11-27,2024-11,P,4.5,2024-11-26,1,5.785,0.0001,2,0.0005,13.0,-7.0,-20.0,-4.0
10007907,510500P2411M04500,2024-11-27,2024-11,P,4.5,2024-11-27,0,5.896,0.0001,3,0.0005,13.0,-7.0,-20.0,-4.0
10007908,510500P2411M04600,2024-11-27,2024-11,P,4.6,2024-11-25,2,5.825,0.0002,1,0.0007,15.0,-6.0,-21.0,-3.0
10007908,510500P2411M04600,2024-11-27,2024-11,P,4.6,2024-11-26,1,5.785,0.0001,2,0.0007,15.0,-7.0,-22.0,-3.14
10007908,510500P2411M04600,2024-11-27,2024-11,P,4.6,2024-11-27,0,5.896,0.0001,3,0.0007,15.0,-7.0,-22.0,-3.14
10007909,510500P2411M04700,2024-11-27,2024-11,P,4.7,2024-11-25,2,5.825,0.0003,1,0.0008,16.0,-5.0,-21.0,-2.62
10007909,510500P2411M04700,2024-11-27,2024-11,P,4.7,2024-11-26,1,5.785,0.0002,2,0.0008,16.0,-6.0,-22.0,-2.75
10007909,510500P2411M04700,2024-11-27,2024-11,P,4.7,2024-11-27,0,5.896,0.0001,3,0.0008,16.0,-7.0,-23.0,-2.88
10007910,510500P2411M04800,2024-11-27,2024-11,P,4.8,2024-11-25,2,5.825,0.0003,1,0.0011,19.0,-5.0,-24.0,-2.18
10007910,510500P2411M04800,2024-11-27,2024-11,P,4.8,2024-11-26,1,5.785,0.0002,2,0.0011,19.0,-6.0,-25.0,-2.27
10007910,510500P2411M04800,2024-11-27,2024-11,P,4.8,2024-11-27,0,5.896,0.0001,3,0.0011,19.0,-7.0,-26.0,-2.36
10007911,510500P2411M04900,2024-11-27,2024-11,P,4.9,2024-11-25,2,5.825,0.0003,1,0.0014,22.0,-5.0,-27.0,-1.93
10007911,510500P2411M04900,2024-11-27,2024-11,P,4.9,2024-11-26,1,5.785,0.0002,2,0.0014,22.0,-6.0,-28.0,-2.0
10007911,510500P2411M04900,2024-11-27,2024-11,P,4.9,2024-11-27,0,5.896,0.0001,3,0.0014,22.0,-7.0,-29.0,-2.07
10007912,510500P2411M05000,2024-11-27,2024-11,P,5.0,2024-11-25,2,5.825,0.0004,1,0.0018,26.0,-4.0,-30.0,-1.67
10007912,510500P2411M05000,2024-11-27,2024-11,P,5.0,2024-11-26,1,5.785,0.0002,2,0.0018,26.0,-6.0,-32.0,-1.78
10007912,510500P2411M05000,2024-11-27,2024-11,P,5.0,2024-11-27,0,5.896,0.0001,3,0.0018,26.0,-7.0,-33.0,-1.83
10007913,510500P2411M05250,2024-11-27,2024-11,P,5.25,2024-11-25,2,5.825,0.0005,1,0.0029,37.0,-3.0,-40.0,-1.38
10007913,510500P2411M05250,2024-11-27,2024-11,P,5.25,2024-11-26,1,5.785,0.0002,2,0.0029,37.0,-6.0,-43.0,-1.48
10007913,510500P2411M05250,2024-11-27,2024-11,P,5.25,2024-11-27,0,5.896,0.0001,3,0.0029,37.0,-7.0,-44.0,-1.52
10007914,510500P2411M05500,2024-11-27,2024-11,P,5.5,2024-11-25,2,5.825,0.0037,1,0.0091,99.0,29.0,-70.0,-0.77
10007914,510500P2411M05500,2024-11-27,2024-11,P,5.5,2024-11-26,1,5.785,0.0012,2,0.0091,99.0,4.0,-95.0,-1.04
10007914,510500P2411M05500,2024-11-27,2024-11,P,5.5,2024-11-27,0,5.896,0.0001,3,0.0091,99.0,-7.0,-106.0,-1.16
10007972,510500C2410M06000,2024-10-23,2024-10,C,6.0,2024-10-21,2,5.793,0.0158,1,0.039,398.0,150.0,-248.0,-0.64
10007972,510500C2410M06000,2024-10-23,2024-10,C,6.0,2024-10-22,1,5.846,0.0102,2,0.039,398.0,94.0,-304.0,-0.78
10007972,510500C2410M06000,2024-10-23,2024-10,C,6.0,2024-10-23,0,5.869,0.0001,3,0.039,398.0,-7.0,-405.0,-1.04
10007976,510500C2411M06000,2024-11-27,2024-11,C,6.0,2024-11-25,2,5.825,0.007,1,0.0153,161.0,62.0,-99.0,-0.65
10007976,510500C2411M06000,2024-11-27,2024-11,C,6.0,2024-11-26,1,5.785,0.0009,2,0.0153,161.0,1.0,-160.0,-1.05
10007976,510500C2411M06000,2024-11-27,2024-11,C,6.0,2024-11-27,0,5.896,0.0001,3,0.0153,161.0,-7.0,-168.0,-1.1
10007977,510500P2411M05750,2024-11-27,2024-11,P,5.75,2024-11-25,2,5.825,0.0308,1,0.0409,417.0,300.0,-117.0,-0.29
10007977,510500P2411M05750,2024-11-27,2024-11,P,5.75,2024-11-26,1,5.785,0.024,2,0.0409,417.0,232.0,-185.0,-0.45
10007977,510500P2411M05750,2024-11-27,2024-11,P,5.75,2024-11-27,0,5.896,0.0001,3,0.0409,417.0,-7.0,-424.0,-1.04
10008019,510500C2410M06250,2024-10-23,2024-10,C,6.25,2024-10-21,2,5.793,0.008,1,0.0282,290.0,72.0,-218.0,-0.77
10008019,510500C2410M06250,2024-10-23,2024-10,C,6.25,2024-10-22,1,5.846,0.002,2,0.0282,290.0,12.0,-278.0,-0.99
10008019,510500C2410M06250,2024-10-23,2024-10,C,6.25,2024-10-23,0,5.869,0.0001,3,0.0282,290.0,-7.0,-297.0,-1.05
10008020,510500C2410M06500,2024-10-23,2024-10,C,6.5,2024-10-21,2,5.793,0.0019,1,0.0118,126.0,11.0,-115.0,-0.97
10008020,510500C2410M06500,2024-10-23,2024-10,C,6.5,2024-10-22,1,5.846,0.0004,2,0.0118,126.0,-4.0,-130.0,-1.1
10008020,510500C2410M06500,2024-10-23,2024-10,C,6.5,2024-10-23,0,5.869,0.0001,3,0.0118,126.0,-7.0,-133.0,-1.13
10008023,510500C2411M06250,2024-11-27,2024-11,C,6.25,2024-11-25,2,5.825,0.0011,1,0.0029,37.0,3.0,-34.0,-1.17
10008023,510500C2411M06250,2024-11-27,2024-11,C,6.25,2024-11-26,1,5.785,0.0002,2,0.0029,37.0,-6.0,-43.0,-1.48
10008023,510500C2411M06250,2024-11-27,2024-11,C,6.25,2024-11-27,0,5.896,0.0001,3,0.0029,37.0,-7.0,-44.0,-1.52
10008024,510500C2411M06500,2024-11-27,2024-11,C,6.5,2024-11-25,2,5.825,0.0004,1,0.0011,19.0,-4.0,-23.0,-2.09
10008024,510500C2411M06500,2024-11-27,2024-11,C,6.5,2024-11-26,1,5.785,0.0001,2,0.0011,19.0,-7.0,-26.0,-2.36
10008024,510500C2411M06500,2024-11-27,2024-11,C,6.5,2024-11-27,0,5.896,0.0001,3,0.0011,19.0,-7.0,-26.0,-2.36
10008095,510500C2410M06750,2024-10-23,2024-10,C,6.75,2024-10-21,2,5.793,0.0011,1,0.0093,101.0,3.0,-98.0,-1.05
10008095,510500C2410M06750,2024-10-23,2024-10,C,6.75,2024-10-22,1,5.846,0.0001,2,0.0093,101.0,-7.0,-108.0,-1.16
10008095,510500C2410M06750,2024-10-23,2024-10,C,6.75,2024-10-23,0,5.869,0.0001,3,0.0093,101.0,-7.0,-108.0,-1.16
10008096,510500C2410M07000,2024-10-23,2024-10,C,7.0,2024-10-21,2,5.793,0.0005,1,0.007,78.0,-3.0,-81.0,-1.16
10008096,510500C2410M07000,2024-10-23,2024-10,C,7.0,2024-10-22,1,5.846,0.0001,2,0.007,78.0,-7.0,-85.0,-1.21
10008096,510500C2410M07000,2024-10-23,2024-10,C,7.0,2024-10-23,0,5.869,0.0001,3,0.007,78.0,-7.0,-85.0,-1.21
10008099,510500C2411M06750,2024-11-27,2024-11,C,6.75,2024-11-25,2,5.825,0.0004,1,0.0005,13.0,-4.0,-17.0,-3.4
10008099,510500C2411M06750,2024-11-27,2024-11,C,6.75,2024-11-26,1,5.785,0.0001,2,0.0005,13.0,-7.0,-20.0,-4.0
10008099,510500C2411M06750,2024-11-27,2024-11,C,6.75,2024-11-27,0,5.896,0.0001,3,0.0005,13.0,-7.0,-20.0,-4.0
10008100,510500C2411M07000,2024-11-27,2024-11,C,7.0,2024-11-25,2,5.825,0.0003,1,0.0005,13.0,-5.0,-18.0,-3.6
10008100,510500C2411M07000,2024-11-27,2024-11,C,7.0,2024-11-26,1,5.785,0.0001,2,0.0005,13.0,-7.0,-20.0,-4.0
10008100,510500C2411M07000,2024-11-27,2024-11,C,7.0,2024-11-27,0,5.896,0.0001,3,0.0005,13.0,-7.0,-20.0,-4.0
10008103,510500C2412M06750,2024-12-25,2024-12,C,6.75,2024-12-23,2,5.915,0.0002,1,0.0007,15.0,-6.0,-21.0,-3.0
10008103,510500C2412M06750,2024-12-25,2024-12,C,6.75,2024-12-24,1,5.982,0.0003,2,0.0007,15.0,-5.0,-20.0,-2.86
10008103,510500C2412M06750,2024-12-25,2024-12,C,6.75,2024-12-25,0,5.932,0.0001,3,0.0007,15.0,-7.0,-22.0,-3.14
10008104,510500C2412M07000,2024-12-25,2024-12,C,7.0,2024-12-23,2,5.915,0.0002,1,0.0005,13.0,-6.0,-19.0,-3.8
10008104,510500C2412M07000,2024-12-25,2024-12,C,7.0,2024-12-24,1,5.982,0.0001,2,0.0005,13.0,-7.0,-20.0,-4.0
10008104,510500C2412M07000,2024-12-25,2024-12,C,7.0,2024-12-25,0,5.932,0.0001,3,0.0005,13.0,-7.0,-20.0,-4.0
10008189,510500C2410M07250,2024-10-23,2024-10,C,7.25,2024-10-21,2,5.793,0.0003,1,0.0048,56.0,-5.0,-61.0,-1.27
10008189,510500C2410M07250,2024-10-23,2024-10,C,7.25,2024-10-22,1,5.846,0.0001,2,0.0048,56.0,-7.0,-63.0,-1.31
10008189,510500C2410M07250,2024-10-23,2024-10,C,7.25,2024-10-23,0,5.869,0.0001,3,0.0048,56.0,-7.0,-63.0,-1.31
10008191,510500C2411M07250,2024-11-27,2024-11,C,7.25,2024-11-25,2,5.825,0.0003,1,0.0005,13.0,-5.0,-18.0,-3.6
10008191,510500C2411M07250,2024-11-27,2024-11,C,7.25,2024-11-26,1,5.785,0.0001,2,0.0005,13.0,-7.0,-20.0,-4.0
10008191,510500C2411M07250,2024-11-27,2024-11,C,7.25,2024-11-27,0,5.896,0.0001,3,0.0005,13.0,-7.0,-20.0,-4.0
10008193,510500C2412M07250,2024-12-25,2024-12,C,7.25,2024-12-23,2,5.915,0.0003,1,0.0005,13.0,-5.0,-18.0,-3.6
10008193,510500C2412M07250,2024-12-25,2024-12,C,7.25,2024-12-24,1,5.982,0.0001,2,0.0005,13.0,-7.0,-20.0,-4.0
10008193,510500C2412M07250,2024-12-25,2024-12,C,7.25,2024-12-25,0,5.932,0.0001,3,0.0005,13.0,-7.0,-20.0,-4.0
10008375,510500C2411M07500,2024-11-27,2024-11,C,7.5,2024-11-25,2,5.825,0.0003,1,0.0004,12.0,-5.0,-17.0,-4.25
10008375,510500C2411M07500,2024-11-27,2024-11,C,7.5,2024-11-26,1,5.785,0.0001,2,0.0004,12.0,-7.0,-19.0,-4.75
10008375,510500C2411M07500,2024-11-27,2024-11,C,7.5,2024-11-27,0,5.896,0.0001,3,0.0004,12.0,-7.0,-19.0,-4.75
10008377,510500C2412M07500,2024-12-25,2024-12,C,7.5,2024-12-23,2,5.915,0.0002,1,0.0002,10.0,-6.0,-16.0,-8.0
10008377,510500C2412M07500,2024-12-25,2024-12,C,7.5,2024-12-24,1,5.982,0.0001,2,0.0002,10.0,-7.0,-17.0,-8.5
10008377,510500C2412M07500,2024-12-25,2024-12,C,7.5,2024-12-25,0,5.932,0.0001,3,0.0002,10.0,-7.0,-17.0,-8.5
